id,Director,Actor,Type,Nation,Weight,idI
0.5毫米,安藤桃子,安藤樱;织本顺吉;木内みどり;土屋希望;井上o夫;东出昌大;柳原晴郎;角替和枝;浅田美代子;坂田利夫;柄本明;草笛光子;津川雅彦,剧情,日本,2,0
0.5的爱情,邢潇,蒲巴甲;江语晨;李悦铭;龚洁,爱情,中国大陆,2,1
007：幽灵党,萨姆・门德斯,丹尼尔・克雷格;克里斯托弗・沃尔兹;蕾雅・赛杜;本・卫肖;娜奥米・哈里斯;戴夫・巴蒂斯塔;莫妮卡・贝鲁奇;拉尔夫・费因斯;斯黛芬妮・西格曼;安德鲁・斯科特;罗里・金奈尔;内芙・加切夫;加斯帕・克里斯滕森;丹尼尔・斯蒂森;丹尼尔・韦斯特伍德;拉斯科・阿特金斯,动作;惊悚;冒险,英国;美国,5,2
10分钟,李容承,白钟焕;Jong-gu Kim;郑熙泰,剧情,韩国,2,3
10年计划,J.C. Calciano,杰克・特纳;迈克尔・亚当・汉密尔顿;内森・彼得森;泰瑞・里维斯;Moronai Kanekoa;Teri Reeves;Adam Bucci;Ben Palacios;Trevor Kuhn;Michael Rothhaar;黛布拉・威尔逊,喜剧;同性,美国,3,4
11-12-13至死不渝,Sarawut Wichiensarn,苏格拉瓦・卡那诺;Nutthasit Kotimanuswanich;阿芮根妲・马哈乐沙空;Mek Mekwattana,喜剧;恐怖,泰国,3,5
11时,金炫锡,郑在咏;金玉彬;丹尼尔・崔;李代延;朴哲民;申多恩;吴光禄,惊悚,韩国,2,6
人性,米歇尔・贡德里,帕特丽夏・阿奎特;瑞斯・伊凡斯;蒂姆・罗宾斯;米兰达・奥图,剧情;喜剧,法国;美国,4,7
人烟之岛,费奥多尔・邦达尔丘克,瓦西里・斯蒂潘诺夫;俞莉亚・斯尼吉尔;彼得・费奥多罗夫;谢尔盖・加尔马什;Yuriy Kutsenko,动作;科幻;冒险,俄罗斯,4,8
人烟之岛2：战斗,费奥多尔・邦达尔丘克,瓦西里・斯蒂潘诺夫;俞莉亚・斯尼吉尔;彼得・费奥多罗夫;谢尔盖・加尔马什;=,动作;科幻;冒险,俄罗斯,4,9
人熊传奇,Stewart Raffill,Bryan Brown;Oliver Tobias;Tom Jackson,冒险,英国;加拿大;美国,4,10
人狼游戏2：野兽阵营,熊坂出,土屋太凤;森川葵;青山美乡;藤原季节;佐久间由衣;小野花梨;加藤谅;育乃介;国岛直希;樱田通,惊悚,日本,2,11
人狼游戏：爱人,绫部真弥,古x星夏;佐生雪;平田雄也;沟口惠;前田航基;森高爱;春川芽生;安藤一;铃木知寻;中村萌;池田纯矢,剧情;惊悚,日本,3,12
人狼游戏：疯狂的狐狸,绫部真弥,高月彩良;富手麻妙;湍玖崦;忍偌;c原实里;富田佳辅;L村航希;村上[乃佳;水石w;奥村秀人;山根_;藤井武美,恐怖,日本,2,13
人狼游戏：越狱,绫部真弥,小岛梨里杏;渡边佑太朗;山谷花纯;清水尚弥;冈本夏美;花影香音;S田;金子大地;小山莉奈;I正悟;池田和;梅村瑛,动作;惊悚,日本,3,14
人生,泰德・戴米,艾迪・墨菲;马丁・劳伦斯;奥巴・巴巴图德,剧情;喜剧;犯罪,美国,4,15
人生不再重来,卓娅・阿赫塔尔,赫里尼克・罗斯汉;阿佩・代沃尔;法尔汉・阿赫塔尔;卡特莉娜・卡芙;卡尔奇・克什兰;艾妮安娜・卡布罗尔;纳萨鲁丁・沙,剧情,印度,2,16
人生密密缝,荻上直子,生田斗真;桐谷健太;柿原玲佳;米姆拉;小池荣子;门胁麦;田中美佐子;柏原收史;高桥枫翔;品川彻;江口德子;z江海翔,剧情;同性;家庭,日本,4,17
人生的约定,石桥冠,竹野内丰;江口洋介;松坂桃李;优香;小池荣子;柄本明;北野武;美保纯;室井滋;西田敏行;高桥光,剧情,日本,2,18
人皮交易,吕翼谋,彼得・威勒;朗・普尔曼;杜夫・龙格尔;迈克尔・加・怀特;卢靖姗;托尼・贾;田川洋行;柯南・史蒂文斯;麦克・多普德;Chloe Babcook;Leo Rano;斯蒂文・埃尔德;Tasya Teles;Natalie Lorence;Michael G Selby,动作;惊悚;犯罪,美国;泰国;加拿大,6,19
人皮脸,亚历山大・布斯蒂罗;朱利安・莫利,斯蒂芬・多尔夫;莉莉・泰勒;萨姆・斯特里克;凡妮莎・格拉斯;菲恩・琼斯;萨姆・科尔曼;杰西卡・马德森;詹姆斯・布鲁尔;克里斯托弗・亚当森;迪莫・亚历克谢夫;内森・库珀;德扬・安格洛夫;鲍里斯・卡巴切夫,惊悚;恐怖,美国,3,20
人类削减计划,迈克尔・J・格拉赫,罗根・保罗;佩顿・李斯特;莉亚・玛瑞・约翰逊;卡勒姆・沃西;瑞恩・纽曼;迈克尔・特拉诺尔;斯黛西・达什;马修・格拉夫;罗伯特・甘特;绮尔斯腾・瓦伦;贾纳・温特尼茨;帕特里克・奥沙利文;艾米・帕夫拉特;杰夫・科贝特;劳拉・哈灵,科幻;惊悚,美国,3,21
人类办事处,罗布・W・金,尼古拉斯・凯奇;休・狄伦;维斯勒・夏农;杰特・克莱恩;莎拉・林德;Jakob Davies;Lorne Cardinal;大卫洛夫格伦;Mel Tuck;Leo Fafard,动作;科幻,加拿大,3,22
人类清除计划,詹姆斯・德莫纳克,伊桑・霍克;琳娜・海蒂;艾德文・霍德吉;马克斯・博克霍德;阿黛莱德・凯恩;瑞斯・维克菲尔德,科幻;惊悚;犯罪,美国;法国,5,23
人类清除计划2：无政府状态,詹姆斯・德莫纳克,弗兰克・格里罗;卡门・艾乔戈;扎克・吉尔福德;基拉・桑切斯;贾斯蒂娜・马查多;约翰・比斯利;诺尔・古格雷米;卡斯图罗・格雷拉;迈克尔・肯尼斯・威廉姆斯,科幻;惊悚;犯罪,美国;法国,5,24
人类清除计划3,詹姆斯・德莫纳克,弗兰克・格里罗;伊丽莎白・米切尔;麦凯尔泰・威廉逊;约瑟夫・朱利安・索里亚;贝蒂・加布里埃尔;Terry Serpico;艾德文・霍德吉;凯尔・赛科特;Barry Nolan;莉莎・科伦-扎亚斯;伊桑・菲利普斯;Adam Cantor,科幻;惊悚;犯罪,美国,4,25
人类灭亡报告书,金知云;任弼星,金康宇;金圭丽;柳N范;裴斗娜;奉俊昊;陈智熙;赵胤熙;高俊熙;马东锡;朴海日;宋诗曦;宋永彰;尹世雅,剧情;科幻,韩国,3,26
人艰不拆,瑞卡多・米拉尼,宝拉・柯特莱西;雷欧・波瓦;科拉多・福耳图那;恩尼奥・凡塔斯蒂基尼;卢妮塔・萨维诺;塞萨尔・博奇;马可・博奇;史蒂芬妮雅・若卡,喜剧;同性,意大利,3,27
人间中毒,金大佑,宋承宪;林智妍;赵汝贞;温宙完;柳海真;全慧珍;郑元中;金惠娜,剧情;爱情;情色,韩国,4,28
人间喜剧,鸿鸿,赵自强;蒋薇华;张令娴,喜剧,台湾,2,29
人间失格 剧场版,浅香守生,雅人;高木涉;朴璐美;久川绫;能登麻美子;田中敦子,剧情;动画,日本,3,30
人间有情,高志森,周志辉;罗冠兰;高翰文;刘雅丽;卢俊豪;苏玉华;谢君豪;冯蔚蘅;潘灿良;余俊峰;许芬,剧情;喜剧,香港,3,31
人鬼情未了,大谷太郎,松岛菜菜子;宋承宪;树木希林;芦田爱菜,剧情;爱情;悬疑;惊悚;奇幻,日本;韩国,7,32
仁川登陆作战,李宰汉,李政宰;李凡秀;连姆・尼森;郑俊镐;金秉玉;秋山成勋;陈世妍;强・格瑞斯;金宣儿;朴圣雄;朴哲民;金英爱,剧情;战争,韩国,3,33
仅此一夜,金赵光寿;金泰泳,宥相;赵福来,爱情;同性,韩国,3,34
仅此而已,石井岳,染谷将太;水野绘梨奈;涩川清彦;村上淳;绫野刚,剧情,日本,2,35
今夕何夕,亚历山大・阿卡迪,安娜・帕里约;文森特・佩雷斯;安妮・康斯金尼;诺拉・阿娜泽德尔;Fu'ad A?t Aattou,爱情,法国,2,36
今天,李廷香,宋慧乔;宋昌义;奇太映;南智贤,剧情,韩国,2,37
今天的吉良同学,川村泰v,中川大志;饭丰万理江;叶山奖之;平v奈;冈田浩晖;三浦理惠子;安田显;川上洋平;高桥茂雄,喜剧,日本,2,38
今天的恋爱,朴珍杓,李N基;文彩元;李瑞镇;郑俊英,喜剧;爱情,韩国,3,39
今晚打丧尸,卢炜麟,张继聪;白只;万梓良;吴家丽;王敏奕;颜卓灵,喜剧;恐怖,香港,3,40
从你的全世界路过,张一白,邓超;白百何;杨洋;张天爱;岳云鹏;杜鹃;柳岩;廖学秋;曹卫宇;汪启楠;安韩瑾;潘肖;曹涤非;朱红;刘乐思;蓝可;梁超;张爱钦;张美娥,喜剧;爱情,中国大陆,3,41
从此刻到日出,弗朗西斯・福特・科波拉,方・基默;艾丽・范宁;布鲁斯・邓恩;本・卓别林,惊悚;恐怖,美国,3,42
仓皇一夜,露西亚・安尼洛,斯嘉丽・约翰逊;吉莉恩・贝尔;佐伊・克罗维兹;伊拉纳・格雷泽;凯特・麦克金农;保罗・当斯;瑞安・库柏;泰・布利尔;黛米・摩尔;恩里克・穆西安诺;迪恩・文特斯;科尔顿・海恩斯;帕特里克・卡莱尔;埃里克・安德烈;博・伯翰,喜剧,美国,2,43
他们先杀了我父亲：一个柬埔寨女儿的回忆录,安吉丽娜・朱莉,Sareum Srey Moch;Phoeung Kompheak;Sveng Socheata;Mun Kimhak;Heng Dara;Khoun Sothea;Sarun Nika;Run Malyna;Oun Srey Neang;Horm Chhora;Mony Ros;Tharoth Sam;Nout Sophal,剧情;传记;历史,柬埔寨;美国,5,44
他们叫我吉克,加布里尔・梅内提,克劳迪奥・桑塔玛利亚;卢卡・马里内利;斯特凡诺・安布罗吉;毛里齐奥・特塞;伊莱尼・帕斯托雷利;詹卢卡・迪・热纳罗,喜剧;动作;科幻,意大利,4,45
他们最好的,罗勒・莎菲,杰玛・阿特登;山姆・克拉弗林;比尔・奈伊;杰克・休斯顿;保罗・里特;蕾切尔・斯特灵;理查德・E・格兰特;亨利・古德曼;杰克・莱西;杰瑞米・艾恩斯;埃迪・马森;海伦・麦克洛瑞;休伯特・伯顿;克劳迪亚・杰西;斯蒂芬妮・海姆,剧情;喜剧;爱情;战争,英国;瑞典,6,46
他和她的孤独情事,内德・本森,詹姆斯・麦卡沃伊;杰西卡・查斯坦;妮娜・阿里安达;维奥拉・戴维斯;比尔・哈德尔;塞伦・希德;伊莎贝尔・于佩尔;威廉・赫特;杰丝・威克斯勒;妮基・米歇尔・詹姆斯;杰里米・萨默斯,剧情;爱情,美国,3,47
他和她的故事,R・巴尔基,阿琼・卡普尔;卡琳娜・卡普尔;贾雅・巴杜里;拉吉特・卡普尔;斯瓦普・桑帕特;阿米达普・巴强,喜剧;爱情,印度,3,48
他是龙,因达尔・詹杜巴耶夫,马特维・雷科夫;玛利亚・波兹哈娃;斯坦尼斯拉夫・柳布申;彼得・罗曼诺夫;列娃・安德烈瓦伊达;阿莲娜・契诃娃;维多利亚・伦佐娃,爱情;奇幻;冒险,俄罗斯,4,49
代号47,亚历山大・巴赫,鲁伯特・弗兰德;扎克瑞・昆图;塞伦・希德;托马斯・克莱舒曼;汉娜・韦尔;丹・巴克达尔;埃米里奥・瑞弗拉;罗夫・凯尼斯;米凯拉・卡斯帕;杨颖,动作;惊悚;犯罪,美国,4,50
代立军,郑胤澈,李政宰;吕珍九;金武烈;裴秀彬;曹东因;李絮;玄奉植;金明坤;南成俊;朴海俊;朴元尚,剧情;历史;战争;古装,韩国,5,51
以女儿之名,文森特・贾洪,丹尼尔・奥特伊;塞巴斯蒂安・科赫;玛丽-乔西・克罗兹;克里斯特尔・科尼尔;利拉-萝丝・吉尔贝蒂;艾玛・贝松;克里斯蒂安・米厄特克;塞尔日・费拉德;弗雷德・培森;皮埃尔・布雷尔,剧情;传记,法国;德国,4,52
仪式,米凯尔・哈弗斯特罗姆,安东尼・霍普金斯;科林・奥多霍诺;艾莉丝・布拉加;塞伦・希德;托比・琼斯;鲁特格尔・哈尔;玛塔・加丝蒂妮;克里斯・马奎特;托里・德维托;玛丽亚・卡兰;罗莎・别亚内达;Giampiero Ingrassia;塞奇莉亚・达齐;Attila Bardóczy,剧情;惊悚;恐怖,美国;匈牙利;意大利,6,53
企鹅小守护,斯图尔特・麦克唐纳,艾伦・图代克;莎拉・斯努克;德波拉・梅尔曼;特里・金瑞利;肖恩・雅克博森;斯蒂芬・卡尼;可可・杰克・吉利斯;理查德・戴维斯;弗兰克・伍德利,家庭;冒险,澳大利亚,3,54
伊丽莎白,Sven Offen,玛雅・哈克福特;Máté Kamarás;安德烈 鲍尔,剧情;歌舞,Austria,3,55
伊夫圣罗兰传,加里・勒斯培,皮埃尔・尼内;圭洛姆・加里尼;夏洛特・勒・邦;劳拉・斯梅特;艾克萨维尔・拉菲特;尼科莱・金斯基,爱情;同性;传记,法国,4,56
伊娃,凯克・麦罗,丹尼尔・布鲁尔;玛尔塔・埃图拉;阿尔维托・阿曼;克劳迪亚・贝加;Anne Canovas;路易斯・奥马,剧情;科幻;奇幻,西班牙,4,57
伊斯坦布尔的幸福,Abdullah Oguz,?zgü Namal;Talat Bulut;Murat Han,剧情,土耳其,2,58
伊斯梅尔的幽魂,阿诺・德斯普里钦,马修・阿马立克;玛丽昂・歌迪亚;夏洛特・甘斯布;路易・加瑞尔;阿尔巴・罗尔瓦凯尔;拉斯洛・绍博;伊波利特・吉拉尔多;雅各・诺勒;凯瑟琳・蒙切特;萨米尔・盖丝米;布鲁诺・托德契尼,剧情;爱情;惊悚,法国,4,59
伏地魔：传人的起源,Gianmaria Pezzato,Stefano Rossi;Andrea Baglio;Aurora Moroni;Andrea Bonfanti;Gelsomina Bassetti;Daniele Decarli;Alessio Dalla Costa;Andrea Deanesi;Davide Ellena;Maddalena Orcali,奇幻;冒险,意大利,3,60
伏妖白鱼镇,刘轩狄,杜奕衡;林枫烨;付赫安琪;李炳宏,动作;奇幻;古装,中国大陆,4,61
众神与野兽,比尔・康顿,伊恩・麦克莱恩;布兰登・费舍;琳恩・雷德格瑞夫;洛丽塔・大卫多维奇;大卫・杜克斯,剧情;同性;传记,英国;美国,5,62
优雅的谎言,李翰,金喜爱;高雅星;金香起;金裕贞;成东日;刘亚仁;千禹熙,剧情;悬疑,韩国,3,63
会计刺客,加文・欧康诺,本・阿弗莱克;安娜・肯德里克;J・K・西蒙斯;乔・博恩瑟;杰弗里・塔伯;辛希亚・阿戴-罗宾森;约翰・利思戈;珍・斯马特;安迪・昂伯格;艾莉森・赖特;杰森・戴维斯;罗伯特・C.特雷维勒;玛丽・克拉夫特;塞思・李;杰克・普雷斯利,剧情;动作;惊悚;犯罪,美国,5,64
伟大的咻啦啦砰,水落礼,滨田岳;冈田将生;深田恭子;渡边大;贯地谷诗穗梨;佐野史郎;G野高史;津川雅彦;小柳友;村上弘明;大野丝;高田延彦,喜剧,日本,2,65
伟大的愿望,???,柳德焕;金东英;安在洪,剧情;喜剧,韩国,3,66
传奇,布莱恩・海尔格兰德,汤姆・哈迪;艾米莉・布朗宁;克里斯托弗・埃克莱斯顿;大卫・休里斯;科林・摩根;保罗・安德森;塔拉・菲茨杰拉德;查兹・帕尔明特瑞;安库塔・布雷班;乔舒亚・希尔;萨姆・霍尔;亚当・弗格蒂;马克・扎米特;理查德・瑞德尔;迈克尔・海登;塔伦・埃格顿;王丽雅;史蒂芬・洛德;劳琳・斯坦利;拉塞尔・巴洛格;鲍勃・克赖尔;亚历山德拉・海耶斯,剧情;传记;犯罪,英国,4,67
传染病,史蒂文・索德伯格,玛丽昂・歌迪亚;马特・达蒙;劳伦斯・菲什伯恩;裘德・洛;格温妮斯・帕特洛;凯特・温丝莱特;布莱恩・科兰斯顿;詹妮弗・艾莉;埃利奥特・古尔德;黄经汉;约翰・浩克斯;安娜・雅克贝-海伦;何超仪;桑娜・莱瑟;迪米特利・马丁;阿敏・罗德;恩里克・克兰东尼;拉里・克拉克;莫尼克・加布里埃拉・库尔内;徐天佑;达丽雅・斯托寇思;Griffin Kane;Stef Tovar;格蕾丝・雷克斯;瑞贝卡・斯宾塞;Dan Aho;Brian J. O'Donnell;Annabel Armour;Kara Zediker;Dan Flannery,剧情;科幻;惊悚;灾难,美国;阿联酋,6,68
传说的拳头,康佑硕,黄玟;尹宰文;刘俊相;李原;郑雄仁;金英玉,动作,韩国,2,69
伤口,约翰・特伦戈夫,纳肯・图雷;邦基尔・曼赛;尼扎・杰;索巴尼・姆瑟勒尼,剧情;爱情;同性,南非;德国;荷兰;法国,7,70
伤心往事,前田司郎,小泉今日子;二阶堂富美;高良健吾;板尾创路;山田裕贵;黑川芽以;古关安广;大竹真;山田望叶;齐木茂,剧情,日本,2,71
伤物语1：铁血篇,新房昭之;尾石达也,神谷浩史;坂本真绫;堀江由衣;樱井孝宏,喜剧;动作;爱情;动画;奇幻,日本,6,72
伤物语2：热血篇,新房昭之;尾石达也,神谷浩史;坂本真绫;堀江由衣;樱井孝宏;入野自由;江原正士;大V芳忠,喜剧;动作;动画;奇幻,日本,5,73
伤物语3：冷血篇,新房昭之;尾石达也,神谷浩史;坂本真绫;堀江由衣;樱井孝宏;入野自由;江原正士;大V芳忠,喜剧;动画;奇幻,日本,4,74
伤痕累累的恶魔,山岸圣太,足立梨花;江野泽爱美;增山加弥乃;冈田结实;藤田富;小南光司;川原亚矢子;宫地真绪;中岛爱兰;花影香音,剧情,日本,2,75
伦敦一家人,罗杰・梅因伍德,卢克・崔德威;吉姆・布劳德本特;布兰达・布莱斯;帕姆・费里斯;罗杰・阿拉姆;彼得・怀特;弗吉尼亚・麦肯娜;茱恩・布朗;西蒙・戴;亚历克斯・乔丹,剧情;动画;家庭,英国,4,76
伦敦父女档,雨果・热兰,奥玛・希;格洛丽亚・科尔斯顿;克蕾曼丝・波西;安托万・贝特朗;艾什雷・沃特斯;克莱门汀・塞拉里耶;安娜・科蒂斯;拉斐尔・冯・布卢门塔尔;本・霍姆伍德;爱丽丝・戴维;莫娜・瓦尔拉芬斯・;拉奎尔・卡西迪;霍华德・克罗斯利;安娜贝尔・洛佩斯;塞西尔・卡塞尔;鲁本・阿尔维斯,剧情;喜剧,法国;英国,4,77
伦敦陷落,巴巴克・纳加非,杰拉德・巴特勒;艾伦・艾克哈特;摩根・弗里曼;阿隆・阿布布尔;安吉拉・贝塞特;罗伯特・福斯特;梅丽莎・里奥;拉达・米切尔;肖恩・奥布赖恩;瓦利德・祖伊特;夏洛特・莱利;杰基・厄尔・哈利;科林・萨蒙;帕特里克・肯尼迪;麦赫迪・德比,动作;惊悚;犯罪,英国;美国;保加利亚,6,78
伪婚男女,周美玲,唐振刚;周厚安;李京恬;程茉;王K,剧情;同性,台湾,3,79
伯德小姐,格蕾塔・葛韦格,西尔莎・罗南;劳里・梅特卡夫;崔西・莱茨;卢卡斯・赫奇斯;蒂莫西・柴勒梅德;比妮・费尔德斯坦;罗伊丝・史密斯;斯蒂芬・亨德森;奥德娅・拉什;乔丹・罗德里格斯;凯瑟琳・纽顿;约翰・卡尔纳;杰克・麦克道曼;劳拉・马兰洛;安迪・巴克利;丹尼尔・祖瓦图;克里森・克拉克;丹妮尔・麦克唐纳;鲍勃・斯蒂芬森;路易莎・李;伦敦・托尔;本・康尼斯伯格;维克托・沃尔夫,剧情;家庭,美国,3,80
伯德街小岛,S?ren Kragh-Jacobsen,Simon Gregor 西蒙・格雷格;Jordan Kiziuk 乔丹・基兹克;Patrick Bergin 帕特里克・博根;James Bolam 詹姆斯・伯拉姆,剧情;战争,丹麦;英国;德国,5,81
伯特伦旅馆之谜,丹・泽夫,杰拉尔丁・麦克伊万;玛汀・麦古基安;弗兰西丝卡・安妮丝;波利・沃克;史蒂芬・曼甘,悬疑;犯罪,英国,3,82
伸冤人,安东尼・福奎阿,丹泽尔・华盛顿;马尔顿・索克斯;科洛・莫瑞兹;大卫・哈伯;海莉・贝内特;比尔・普尔曼;梅丽莎・里奥;大卫・梅尼尔;E・罗杰・米切尔;Alex Veadov;Vladimir Kulich;Mike O'Dea,动作;惊悚;犯罪,美国,4,83
但丁密码,朗・霍华德,汤姆・汉克斯;菲丽希缇・琼斯;本・福斯特;奥玛・希;伊尔凡・可汗;西瑟・巴比特・科努德森;安娜・乌拉鲁;沃尔夫冈・施特格曼;阿提拉・阿帕;乔恩・多纳休,悬疑;惊悚,美国;匈牙利,4,84
住货车的女士,尼古拉斯・希特纳,玛吉・史密斯;吉姆・布劳德本特;阿历克斯・杰宁斯;乔治・芬顿;杰米・帕克;黛博拉・芬德莱;罗杰・阿拉姆;潘多拉・科林;尼古拉斯・本恩斯;多米尼克・库珀;詹姆斯・柯登;弗朗西斯・德・拉・图瓦;斯蒂芬・坎贝尔・莫尔;塞缪尔・巴奈特;塞缪尔・安德森;埃莉诺・松浦;大卫・卡尔德;德尔莫特・克劳利;拉塞尔・托维;克莱尔・芙伊,剧情;喜剧;传记,英国,4,85
佐州自救兄弟2,蒂姆・斯托瑞,艾斯・库珀;凯文・哈特;郑肯;本杰明・布拉特;奥立薇娅・玛恩;布鲁斯・麦克吉尔;提卡・森普特;格伦・鲍威尔;雪莉・谢波德;娜丁・维拉兹盖兹;卡洛斯・戈麦斯,喜剧;动作,美国,3,86
余烬,Claire Carré,杰森・雷特;Iva Gocheva;Greta Fernández;塔克・斯莫尔伍德;卡尔・格洛斯曼;Roberto Cots;多米尼克・斯万;Matthew Goulish;Silvan Friedman;Derrick Aguis;Nathaniel Andrew;Brandon Bowens;Janice Culver;Ryan Czerwonko;Kirsten Kairos,剧情;科幻,波兰;美国,4,87
佛在耻辱中倒塌,汉娜・玛克玛尔巴夫,Abbas Alijome;Abdolali Hoseinali;Nikbakht Noruz,剧情;战争,伊朗,3,88
佛罗里达乐园,肖恩・贝克,布鲁克琳・普林斯;布丽娅・维纳特;威廉・达福;克里斯托弗・里维拉;梅拉・穆德;瓦莱丽亚・科托;乔希・奥利沃;艾登・马利克;爱德华・帕根;卡赖伯・兰德里・琼斯;克里斯托・尼科尔・沃茨;桑迪・凯恩;吉姆・R・科曼;安德鲁・罗马诺;卡罗丽娜・格拉波瓦;特里・艾伦・琼斯;卡伦・卡拉古利安;邹时擎;祖普・卡塔纳;梅肯・布莱尔;卡尔・布拉德菲尔德,剧情;儿童,美国,3,89
你会在那里吗？,洪智,金允石;卞耀汉;蔡书珍;朴秀慧,剧情;爱情;奇幻,韩国,4,90
你和我,D田崇,中村n;坂本真c,剧情,日本,2,91
你好安妮,埃莉诺・科波拉,戴安・琳恩;亚历克・鲍德温;阿诺・维亚德;琳达・乔古斯;艾乐蒂・纳瓦;艾丽斯・蒂尔罗伊;塞德里克・蒙内,剧情;喜剧;爱情,美国,4,92
你好布拉德,麦克・怀特,本・斯蒂勒;奥斯汀・艾布拉姆斯;珍娜・费舍;麦克・辛;杰梅奈・克莱门特;卢克・威尔逊;莎兹・拉亚;路易莎・李;麦克・怀特;泽维尔・佩雷斯・格罗贝;亚当・卡布里奥罗;费利西亚・舒尔曼;简・惠勒;沙维尔・索特洛;吉米・坎摩尔,剧情;喜剧;音乐,美国,4,93
你好，我叫多蕾丝,迈克尔・肖沃特,莎莉・菲尔德;马克思・格林菲尔德;贝丝・比厄;温迪・麦克伦登-考威;斯蒂芬・鲁特;伊莉莎白・里瑟;娜塔莎・雷昂;泰恩・黛莉;彼得・盖勒;库梅尔・南贾尼,剧情;喜剧;爱情,美国,4,94
你好，疯子！,饶晓志,万茜;周一围;王自健;金士杰;李虹辰;莫小棋;刘亮佐;曹卫宇,剧情;喜剧;悬疑,中国大陆,4,95
你是下一个,亚当・温加德,沙妮・文森;尼古拉斯・图齐;温迪・格伦;AJ・鲍恩;乔・斯万博格;玛格丽特・兰妮;艾米・西米茨;缇・威斯特;罗布・莫兰;巴巴拉・克兰普顿;L・C・霍尔特;西蒙・巴雷特;莱恩・休斯,惊悚;恐怖,美国,3,96
你是好孩子,吴美保,高良健吾;尾野真千子;池胁千鹤;高桥和也;喜多道枝;加部亚门;富田靖子;黑川芽以;内田慈,剧情,日本,2,97
你的名字。,新海诚,神木隆之介;上白石萌音;长泽雅美;市原悦子;成田凌;悠木碧;岛崎信长;石川界人;谷花音;寺u昌纪;大原沙耶香;井上和彦;茶风林;加藤有花;花泽香菜;寺崎裕香,剧情;爱情;动画,日本,4,98
你的短信,卡洛琳・赫弗斯,卡洛琳・赫弗斯;弗莱德里奇・穆克;诺拉・茨切纳;弗雷德里克・劳;卡蒂娅・里曼;艾妮莎・阿玛尼;弗雷德里克・坎普特;萨缪尔・芬齐;尤韦・普罗伊斯;克杜拉・施特拉特曼;汤姆・贝克;珍娜・霍斯特曼;拉斯马斯・博罗夫斯基;塞巴斯蒂安・弗拉斯多夫;弗洛里安・斯泰特,剧情;喜剧;爱情,德国,4,99
你看起来好像很好吃,藤森雅也,山口胜平;爱河里花子;加藤清史郎;原田知世;川岛得爱;折笠富美子;桐本琢也;e所哲也;矢田稔;川村万梨阿;高乃丽;小室正幸;江川央生;志村知幸;胜沼纪义;井田国男;宫西达也;宫西美奈子,剧情;动画;儿童,日本,4,100
你眼中的世界,布林・希尔,迈克尔・斯塔尔・大卫;佐伊・卡赞;妮基・瑞德;詹妮弗・格雷;史蒂夫・豪威;马克・费厄斯坦;克莱斯・威廉斯;理查德・里尔;史蒂夫・哈里斯;普雷斯顿・贝里;利兹・斯托贝尔;里德・伯尼;斯蒂芬・泰勒,剧情;爱情;科幻,美国,4,101
你自己与你所有,洪尚秀,金柱赫;李裕英;金义城;权海骁;刘俊相,剧情,韩国,2,102
佩小姐的奇幻城堡,蒂姆・波顿,阿萨・巴特菲尔德;伊娃・格林;塞缪尔・杰克逊;朱迪・丹奇;艾拉・珀内尔;克里斯・奥多德;金・迪肯斯;艾莉森・珍妮;劳伦・麦克罗斯蒂;特伦斯・斯坦普;鲁伯特・艾弗雷特;芬利・麦克米伦;艾拉・瓦勒斯泰特;米洛・帕克;匹克西・戴夫斯;澳澜・琼斯,剧情;奇幻;冒险,美国,4,103
佩拉斯卡,阿尔贝托・内格林,卢卡・津加雷蒂;热罗姆・昂热;阿曼达・桑德雷莉;弗兰科・卡斯特拉诺;马洛可・伯尼尼,剧情;传记;历史,意大利;法国;瑞典;匈牙利,7,104
使命召唤,皮埃尔・莫瑞尔,西恩・潘;杰丝敏・特丽卡;哈维尔・巴登;雷・温斯顿;马克・里朗斯;伊德里斯・艾尔巴;彼得・弗兰森;马克・沙尔丹;埃米利奥・布阿勒;卡拉・佩雷斯;托尼・科尔维略;安吉拉・富恩特;玛丽娜・马修斯;大卫・布莱克雷,剧情;动作;犯罪,法国;英国;西班牙;美国,7,105
使徒行者,文伟鸿,张家辉;古天乐;吴镇宇;佘诗曼;许绍雄;黄长兴;朱璇;梁b;李光洁;张慧雯,剧情;动作;犯罪,中国大陆;香港,5,106
例外,大卫・莱维奥,莉莉・詹姆斯;克里斯托弗・普卢默;珍妮・麦克蒂尔;杰・科特尼;安东・莱瑟;本・丹尼尔斯;马丁・斯威比;马丁・萨维奇;马克・德克斯特;克里斯・库彭斯;埃迪・马森,剧情;爱情;战争,英国;美国,5,107
侏罗纪世界,科林・特雷沃罗,克里斯・普拉特;布莱丝・达拉斯・霍华德;文森特・多诺费奥;泰・辛普金斯;尼克・罗宾森;奥玛・希;黄荣亮;伊尔凡・可汗;朱迪・格雷尔;杰克・约翰逊;劳伦・拉普库斯;凯蒂・麦克格雷斯;布莱恩・泰;埃迪・J.费尔南德斯;因德尔・库马尔;安迪・巴克利;吉米・法伦,动作;科幻;冒险,美国;中国大陆,5,108
依然爱丽丝,理查德・格雷泽;沃什・韦斯特摩兰,朱丽安・摩尔;凯特・波茨沃斯;肖恩・麦克雷;亨特・帕瑞施;亚历克・鲍德温;塞斯・吉列姆;克里斯汀・斯图尔特;艾琳・达克;丹尼尔・格罗尔,剧情,美国;法国,3,109
侠僧探案传奇之催命符,海涛,韩朔;刘冠成;李美慧;张哲浩,动作;悬疑;武侠;古装,中国大陆,5,110
侠僧探案传奇之大兴赌坊,海涛,韩朔;刘冠成,动作;悬疑;武侠;古装,中国大陆,5,111
侠僧探案传奇之大夜叉,海涛,韩朔;刘冠成;李美慧;张哲浩,动作;悬疑;武侠;古装,中国大陆,5,112
侠僧探案传奇之将军府,海涛,韩朔;刘冠成,动作;悬疑;武侠;古装,中国大陆,5,113
侠僧探案传奇之开封府,海涛,韩朔;刘冠成,动作;悬疑;武侠;古装,中国大陆,5,114
侠僧探案传奇之洛阳花会,海涛,韩朔;刘冠成;李美慧;张哲浩,动作;悬疑;武侠;古装,中国大陆,5,115
侠僧探案传奇之王陵之谜,海涛,韩朔;刘冠成;李美慧;张哲浩,动作;悬疑;武侠;古装,中国大陆,5,116
侠僧探案传奇之白马镖局,海涛,韩朔;刘冠成;李美慧;张哲浩,动作;悬疑;武侠;古装,中国大陆,5,117
侠僧探案传奇之聚义钱庄,海涛,韩朔;刘冠成;李美慧;张哲浩,动作;悬疑;武侠;古装,中国大陆,5,118
侠僧探案传奇之醉玲珑,海涛,韩朔;刘冠成,动作;悬疑;武侠;古装,中国大陆,5,119
侠女：剑的记忆,朴兴植,李秉宪;全度妍;金高银;李俊昊;李Z荣;金太v;裴秀彬;金英民,剧情;武侠;古装,韩国,4,120
侠探杰克：永不回头,爱德华・兹威克,汤姆・克鲁斯;寇碧・史莫德斯;罗伯特・克耐普;达妮卡・亚罗什;阿尔迪斯・霍吉;乔凡尼・席尔瓦;霍特・麦克卡兰尼;特瑞・韦伯;亨特・巴克;斯嘉丽特・米尔罗尼;帕特里克・赫辛格;安东尼・莫利纳利,动作;犯罪,美国,3,121
侠探西蒙,厄尼・巴巴拉什,艾丽莎・杜什库;托马斯・克莱舒曼;格雷戈・格伦伯格;赛米・汉拉缇;雅尼・吉尔曼;毕崔斯・罗森;恩里克・穆西安诺;Ian Ogilvy;亚当・雷纳;杰森・布鲁克斯;克里斯蒂・米切尔;Omid Zader;Roman Mitichyan;Sonalii Castillo;奥利弗・贝尔,动作;犯罪;冒险,美国,4,122
侠盗联盟,冯德伦,刘德华;舒淇;张静初;杨v宁;让・雷诺;曾志伟;沙溢;游天翼;张益群,动作;冒险,中国大陆;香港;捷克,5,123
侦探：开端,金郑勋,权相宇;成东日;徐英姬,喜剧;惊悚;犯罪,韩国,4,124
侯门之险,理查德・柯森・史密斯,莉迪亚・威尔逊;玛姬・福克斯;莎拉・里奇韦;乔安娜・林莉;莱纳斯・罗彻;舒雅德・法瑞斯;詹姆斯・达西;哈西娜・哈克;维多利亚・罗斯;露西・基普;马尔科姆・斯托里;克莱尔・哈基特,剧情;悬疑,英国,3,125
便当盒里的小秘密,阿莫尔・古普特,Leo Crasto;迪维亚・达塔;阿莫尔・古普特,剧情;喜剧;儿童,印度,4,126
保安官,金炯柱,李圣F;赵震雄;金成钧;赵宇镇;林贤成,喜剧;犯罪,韩国,3,127
保罗,格雷格・莫托拉,西蒙・佩吉;尼克・弗罗斯特;塞斯・罗根;简・林奇;克里斯汀・韦格;杰森・贝特曼;比尔・哈德尔;西格妮・韦弗,喜剧;科幻;冒险,美国;英国,5,128
信号,威廉・尤班克,帕特里克・戴维森;布伦顿・思韦茨;奥利维亚・库克;博・纳普;杰弗里・格罗弗;劳伦斯・菲什伯恩;林・沙烨,科幻;惊悚,美国,3,129
信长协奏曲 电影版,松山博昭,小栗旬;柴崎幸;向井理;山田孝之;藤谷太辅;水原希子;滨田岳;古田新太;高岛政宏;藤木直人;夏帆;新井浩文;森下能幸;西田敏行;阿部进之介;坂田雅信,喜剧;古装,日本,3,130
修复生命,卡黛儿・基耶维蕾,塔哈・拉希姆;艾玛纽尔・塞尼耶;安娜・多尔瓦尔;伯利・兰内尔;布鲁诺・洛普斯;莫妮亚・肖克里;阿丽斯・塔格里奥妮;卡里姆・莱克路;费尼肯・欧菲尔德;西奥・乔尔比;阿丽斯・德・朗克桑;多米尼克・布隆,剧情,法国;比利时,3,131
修女艾达,保罗・帕夫利克夫斯基,阿伽塔・特泽布霍夫斯卡;阿伽塔・库莱沙;大卫・奥格尼克;杰吉・特雷拉;亚当・斯齐斯科斯基;海丽娜・斯戈贞斯加;乔安娜・库里格;多罗塔・卡达克;纳塔利娅・拉基夫泽克;阿佛洛狄忒・维瑟拉克;马里斯兹・贾库斯;艾萨贝拉・达布鲁夫斯卡;阿尔图尔・贾努西亚克;安娜・格泽斯斯卡萨克;扬・沃西奇・波多斯基;康斯坦蒂・斯文贝格;帕韦尔・伯克齐克,剧情,波兰;丹麦;法国;英国,5,132
俺物语,河合勇人,铃木亮平;永野芽郁;坂口健太郎;森高爱;高桥春织;恒松v里;健太郎;小松直树;中尾明庆;高田里穗;堀越太耀;池谷伸枝;绿友利惠;涩川清彦;寺胁康文;铃木砂羽,喜剧,日本,2,133
倒带,迈克尔・A・尼克尔斯,约翰尼・帕卡;Ambyr Childers;克里斯蒂安・史莱特;乔纳森・凯兹,惊悚;恐怖,美国,3,134
倒数追击,约翰・斯托克韦尔,道夫・齐格勒 Dolph Ziggler;凯恩 Kane;凯瑟琳・伊莎贝尔,动作,美国,2,135
倒计时,许宗昊,郑在咏;全度妍;李Z荣;郑满植,剧情;动作,韩国,3,136
借东西的小人阿莉埃蒂,米林宏昌,志田未来;神木隆之介;树木希林;三浦友和;大竹忍;竹下景子;藤原龙也,动画;奇幻;冒险,日本,4,137
借口公司,菲利普・拉肖,菲利普・拉肖;艾罗娣・方坦;朱利安・阿鲁蒂;塔雷克・布达里;迪迪埃・布尔东;纳塔莉・贝伊;娜威尔・玛达尼;梅迪・萨东;樊尚・德扎尼亚;爱丽丝・杜富尔;菲利普・杜克斯纳;米歇尔・拉罗克;凯德・麦拉德;萨米・纳塞利;乔・普雷斯蒂亚;诺曼・塔沃;乔伊・斯塔尔,喜剧,法国,2,138
借尸还魂,余善浩,李凡秀;柳N范;金玉彬,喜剧;犯罪,韩国,3,139
假如猫从世界上消失了,永井聪,佐藤健;宫崎葵;滨田岳;奥野瑛太;石井杏奈;奥田瑛二;原田美枝子,剧情;奇幻,日本,3,140
假如王子睡着了,王郢,林允;陈柏霖;张云龙;秦沛;张宇;姜宏波;钟欣凌;陈奇;丁冠森;陈思;吕绍聪;陶思屹;朱然;吕云骢,喜剧;爱情,中国大陆,3,141
假小子,沃尔特・希尔,米歇尔・罗德里格兹;西格妮・韦弗;托尼・夏尔赫布;安东尼・拉帕格利亚;特瑞・陈;保罗・麦克吉莱恩;凯特琳・杰拉德;肯・科齐格;扎克・圣蒂亚戈;劳洛・查坦德;阿德里安・霍夫,动作;惊悚;犯罪,美国;法国;加拿大,6,142
假日惊情,卢卡・瓜达尼诺,拉尔夫・费因斯;达科塔・约翰逊;马提亚斯・修奈尔;蒂尔达・斯文顿;奥萝尔・克莱芒;埃琳娜・布奇;莉莉・麦克梅纳米;科拉多・古赞蒂,剧情;悬疑;犯罪,意大利;法国,5,143
假期历险记,乔纳森・M・戈尔茨坦;约翰・弗朗西斯・戴利,艾德・赫尔姆斯;克里斯蒂娜・艾伯盖特;莱斯利・曼恩;比佛莉・德安姬罗;切维・切斯;克里斯・海姆斯沃斯;伊丽莎白・吉莱丝;斯凯勒・吉桑多;尼克・克罗尔;查理・戴;科甘-迈克尔・凯;凯特琳・奥尔森;迈克尔・佩纳;雷吉娜・赫尔;山姆・莱文,喜剧;家庭;冒险,美国,4,144
假装热情,郑基训,郑在咏;朴宝英;吴达洙;卓在勋;柳贤静;柳德焕;陈庆;尹均相,喜剧,韩国,2,145
停滞,Christian James,Dan Palmer;Tamaryn Payne;Mark Holden,恐怖,英国,2,146
停靠,Darragh Byrne,斯图尔特・格雷厄姆;科林・摩根;科尔姆・米尼,剧情,爱尔兰;芬兰,3,147
健忘村,陈玉勋,舒淇;王千源;张孝全;曾志伟;杨v宁;张少怀;许杰辉;林美秀;顾宝明;陈竹N;柯宇纶;黄健玮,剧情;喜剧;奇幻;古装,中国大陆;台湾,6,148
偶像先生,罗喜灿,池贤宇;朴宰范;金秀路;朴艺珍,剧情;音乐,韩国,3,149
偶像大师剧场版：前往光辉的彼端,锦织敦史,中村绘里子;L谷川明子;今井麻美;仁後真耶子;浅仓杏美;平田宏美;下田麻美;钉宫理惠;たかはし智秋;原由实;沼}勖;若林直美;鎏淅;赤羽根健治;大V芳忠,剧情;动画,日本,3,150
偶滴神啊,Umesh Shukla,阿克谢・库玛尔;帕莱什・拉瓦尔;米特胡恩・查克拉博蒂;欧姆・普瑞;康柯纳・森・沙尔玛;索娜什・辛哈;普拉部・地伐;马赫什・曼杰瑞卡;Govind Namdeo,剧情;喜剧,印度,3,151
偶然与巧合,克洛德・勒卢什,亚历桑德拉・马提尼斯;皮埃尔・阿迪提,剧情,法国;加拿大,3,152
偷书贼,布莱恩・派西维尔,杰弗里・拉什;艾米丽・沃森;苏菲・奈丽丝;本・施耐泽;尼科・利尔施;约阿希姆・保罗・阿斯波克;克斯腾・布劳克;希尔德加德・斯罗德;桑德拉・内德勒夫;卡莉娜・N.维斯,剧情;战争,美国;德国,4,153
偷心贼,李贤中,金雅中;周元;车太贤;朴哲民;白道彬,喜剧;爱情;犯罪,韩国,4,154
偷来的人生,Anders Anderson,乔恩・哈姆;乔什・卢卡斯;罗娜・迈特拉;詹姆斯・范德比克;杰西卡・查斯坦;乔安娜・卡西迪;吉米・本内特;莫蕾娜・巴卡林;迈克尔・库立兹;安迪・米尔德;霍特・麦克卡兰尼;祖德・塞克利拉;里克・戈麦斯;马库斯・托马斯;格拉汉姆・菲利普斯,剧情;悬疑;惊悚;犯罪,美国,5,155
偷狗的完美方法,金成浩,金惠子;李来;崔民秀;姜惠贞;李弘基;李基英;曹恩智;Sam Hammington;李天熙,剧情;家庭,韩国,3,156
偷窥情人,吉田浩太,町田太;佐々木心音;中村映里子;八木将康;久住翠希;松野井雅;川\石E平,剧情;情色,日本,3,157
催眠大师,陈正道,徐峥;莫文蔚;胡静;吕中;王耀庆;杨凯迪,剧情;悬疑;惊悚,中国大陆,4,158
傲娇与偏见,李海蜀;黄彦威,迪丽热巴;张云龙;高伟光;金晨;马薇薇;范;披拉・尼迪裴善官;周海媚;樊野;李,喜剧;爱情,中国大陆,3,159
傲慢与偏见与僵尸,布尔・斯蒂尔斯,莉莉・詹姆斯;萨姆・赖利;杰克・休斯顿;贝拉・希思科特;道格拉斯・布斯;马特・史密斯;查尔斯・丹斯;琳娜・海蒂;苏琪・沃特豪斯;艾玛・格林威尔;埃斯林・洛福斯;莎莉・菲利普斯;艾丽・巴姆博;米莉・布拉迪,动作;爱情;恐怖,美国;英国,5,160
像“像那样的东西”那样的东西,杉山泰一,松山研一;北川景子;伊藤克信;尾藤功男;绪方义博;野村宏伸;铃木亮平;泷正则;内海桂子;铃木京香;佐佐木藏之介;V地武雅;G野高史;宫川一朗太;仲村亨;三田佳子,剧情;喜剧,日本,3,161
像素大战,克里斯・哥伦布,亚当・桑德勒;凯文・詹姆斯;米歇尔・莫纳汉;彼特・丁拉基;乔什・加德;布莱恩・考克斯;马特・林茨;肖恩・宾;简・科拉克斯基;丹・艾克罗伊德;艾菲恩・克洛科特;莱妮・卡赞;艾什莉・本森;玛莎・斯图尔特;丹尼斯・秋山;汤姆・麦卡锡;提姆・赫利希;杰姬・桑德勒;杰瑞德・桑德勒;威廉・S・泰勒;罗丝・洛林斯;塔克・斯莫尔伍德;塞蕾娜・威廉姆斯;艾伦・卡瓦特,喜剧;动作;科幻,美国;中国大陆,5,162
僵尸,麦浚龙,钱小豪;惠英红;鲍起静;陈友;吴耀汉;卢海鹏;钟发;楼南光,剧情;恐怖,香港,3,163
僵尸世界大战,马克・福斯特,布拉德・皮特;米瑞・伊诺丝;马修・福克斯;埃里克・韦斯特;大卫・摩斯;詹姆斯・戴尔;伊莱耶斯・加贝尔;莫里兹・布雷多;斯特林・杰里斯;达妮埃拉・凯尔泰斯,动作;科幻;恐怖,美国,4,164
僵尸小姐,萨布,小松彩夏;富坚真;手V通,恐怖,日本,2,165
僵尸小屁孩,乔纳森・米洛特;加里・穆利昂,伊利亚・伍德;艾丽森・皮尔;雷恩・威尔森;桑尼・梅・艾利森;雷・沃纳尔;摩根・莉莉;纳西姆・帕杜雷德;杰克・麦克布瑞尔;豪尔赫・加西亚;凯特・弗兰纳里;瑞贝卡・马绍尔;伊丽莎白・博古什,喜剧;动作;科幻;恐怖,美国,5,166
僵尸归来,Manuel Carballo,埃米丽・汉普希尔;克里斯・霍尔登-里德;肖恩・多伊尔;克劳迪亚・巴索尔斯;保罗・安东尼;玛丽娜・马修斯;保利诺・努内斯,恐怖,西班牙;加拿大,3,167
僵尸新人仔,Casey Walker,史蒂芬・麦克哈蒂;克里斯托弗・特纳;克瑞斯塔尔・洛维;肖恩・罗伯茨;克里斯汀・哈格;艾米丽・乌勒普;罗伯特・梅耶,喜剧;恐怖,加拿大,3,168
僵尸日记2,Michael Bartlett;Kevin Gates,Philip Brodie;Alix Wilton Regan;Rob Oldfield,动作;恐怖,英国,3,169
僵尸来袭,Kiah Roache-Turner,Jay Gallagher;碧安卡・布雷迪;Leon Burchill,动作;恐怖,澳大利亚,3,170
僵尸胡安,亚历杭德罗・布鲁格斯,安德烈娅・杜罗;约格・莫利纳;Luis Alberto García;Andros Perugorría;Jazz Vilá;Eliecer Ramírez;安东尼奥・德琴特;Blanca Rosa Blanco,喜剧;恐怖,西班牙;古巴,4,171
兄弟,张幼珍,马东锡;李东辉;李荷妮;赵宇镇;宋永彰;许成泰;池昌旭,剧情;喜剧,韩国,3,172
光,河濑直美,永濑正敏;水崎绫女;藤龙也;神野三铃;小市慢太郎;小出早织;大V千弘;大西信满;堀内正美;白川和子,剧情,日本,2,173
光晕4：航向黎明号,斯特瓦特・亨德尔,汤姆・格林;安娜・帕波维尔;丹尼尔・库德摩尔;阿耶莱特・祖里尔;麦克・多普德;Enisha Brewster;Masam Holden;周逸之,动作;科幻;冒险,美国,4,174
光晕：传奇,荒牧伸志;Frank O'Connor;押井守;二村秀树;真下耕一,Andy McAvin,动作;科幻;动画,美国;日本,5,175
光棍儿,郝杰,杨振君;叶兰;粱有忠;杜天光;梁存英;王素珍;杭忠训;王进德;陈秀兰,剧情;喜剧;同性,中国大陆,4,176
光灵,大卫・阿耶,威尔・史密斯;乔尔・埃哲顿;劳米・拉佩斯;埃德加・拉米雷兹;露西・弗莱;吴青芸;亚历克斯・梅拉兹;海皮・安德森;伊克・巴里霍尔兹;道恩・奥利弗瑞;马特・杰拉德;赵牡丹;约瑟夫・皮库伊罗;布拉德・威廉姆・亨克;杰伊・埃尔南德斯;恩里克・穆西安诺;斯嘉丽・斯宾塞;安德里亚・纳维多;鲍比・纳德利;卡洛斯・利纳雷斯;芭妮・里维拉,动作;犯罪;奇幻,美国,4,177
光芒渐逝的年代,马蒂・格肖内克,安吉拉・温科勒;布鲁诺・甘茨;亚历山大・费林;西尔维斯特・格罗特;皮特・布科夫斯基;叶夫根尼娅・冬妮娜;娜塔莉亚・别利茨基;施特凡・格罗斯曼;索斯藤・默滕;索菲・普芬尼斯托夫;加布里拉・玛利亚・施迈德;让・丹尼斯・罗默;希尔德加德・施梅尔;妮娜・安东诺娃;尤・波斯;罗纳德・库克利斯;莎里娜・拉多姆斯基,剧情,德国,2,178
光荣之子,Krisztina Goda,Kata Dobó;Iván Feny?,剧情;爱情;历史;战争;运动,匈牙利,6,179
光辉岁月,崔正烈,金志洙;金俊勉;柳俊烈;金喜赞;金完,剧情,韩国,2,180
克朗普斯,迈克尔・道赫蒂,亚当・斯科特;托妮・科莱特;艾莉森・托尔曼;大卫・科恩查内;康查塔・费雷尔;恩杰伊・安东尼;斯蒂芬妮娅・欧文;克里丝塔・施泰德;吉迪恩・埃默里;艾薇・乔治,喜剧;恐怖;奇幻,美国,4,181
克罗地亚宪法,拉伊科・格尔利奇,内博伊沙・格洛戈瓦茨;德扬・阿西莫维奇;瑟妮佳・马林克维奇;博兹达尔・斯密贾尼克;玛拉登・赫仁;玛蒂贾・希吉尔;兹登科・杰尔克;罗伯特・乌格里纳;泽利科・科尼斯内特;伊莲娜・乔瓦诺娃;卢卡・德拉季奇;达丽娅・洛伦西;泽利科・杜夫尼亚克,剧情;喜剧;同性,克罗地亚;捷克;斯洛文尼亚;马其顿,7,182
克罗索巨兽,那奇欧・维加隆多,安妮・海瑟薇;丹・史蒂文斯;杰森・苏戴奇斯;奥斯汀・斯托维尔;蒂姆・布雷克・尼尔森;阿加・达什;鲁奇娅・伯纳德,剧情;喜剧,加拿大;西班牙,4,183
克莉丝堤：杀人网站,Oliver Blackburn,阿什丽・格林尼;卢卡斯・提尔;海莉・贝内特;David Jensen;詹姆斯・ 兰索恩;马修・圣・帕特里克;克里斯・科伊;John L. Armijo;韦恩・佩雷;Corrina Roshea;Mike Seal;James Rawlings;切尔西・布兰迪;Jaylen Moore;Jon Arthur,恐怖,美国,2,184
克莱尔的相机,洪尚秀,伊莎贝尔・于佩尔;金敏喜;郑镇荣;张美姬,剧情,韩国;法国,3,185
克隆丈夫,本尼德克・菲利格夫,伊娃・格林;马特・史密斯;乌米・马萨库;汉娜・穆雷;莱丝利・曼维尔,剧情;爱情;科幻,德国;匈牙利;法国,6,186
入侵者,亚当・辛德勒,马丁・斯塔尔;贝丝・涅斯格拉夫;罗瑞・卡尔金;杰克・凯西;莱蒂西亚・吉门尼斯;约书亚・米克尔;蒂莫西・T・麦金尼,剧情;惊悚;恐怖,美国,4,187
入侵隐私,安提・乔金恩,杰弗里・迪恩・摩根;希拉里・斯万克;李・佩斯;克里斯托弗・李,剧情;惊悚;恐怖,英国;美国,5,188
全力扣杀,郭子健;黄智亨,何超仪;郑伊健;郑中基;谢君豪;梁汉文;刘浩龙;林敏骢;邵音音;鲍春来;王琳,喜剧;动作,香港;中国大陆,4,189
全员单恋,饭V健;永田琴;宅间孝行;原桂之介;藤井道人,伊藤沙莉;中川大志;上原实矩;森绘梨佳;樱田通;广濑爱丽丝;斋藤工;知英;佐津川爱美;寺田拓哉;新川优爱;志尊淳;清水富美加;千叶雄大;桥本爱实;横滨流星;加藤雅也,剧情;爱情,日本,3,190
全国歌唱竞赛,李宗弼,金仁权;柳贤静;金秀美;吴光禄;柳演锡,喜剧;爱情,韩国,3,191
全城戒备,陈木胜,郭富城;舒淇;邹兆龙;张静初;吴京;张宝雯;铁南;元华;周秀娜;尹子维,动作;科幻;惊悚,香港;中国大陆,5,192
全城通缉,汪涛,刘烨;赵文卓;秋瓷炫;古力娜扎;薛皓文;辉灿;马浴柯;吴佩柔,剧情;悬疑,中国大陆,3,193
全民目击,非行,孙红雷;余男;郭富城;邓家佳;赵立新;佟丽娅;倪虹洁;陈思诚;周韦彤;廖晓琴;谭松韵;丁子烁,剧情;悬疑;犯罪,中国大陆,4,194
全球风暴,迪安・德夫林,杰拉德・巴特勒;吉姆・斯特吉斯;艾比・考尼什;亚历山德拉・玛丽亚・拉娜;吴彦祖;欧赫尼奥・德尔维斯;阿马尔・维克德;阿德普波・奥杜耶;安迪・加西亚;艾德・哈里斯;罗伯特・席安;理查德・希夫;梅尔・温宁汉姆;莎姬・贝兹;特丽莎・贝特曼,动作;科幻;灾难,美国,4,195
全职猎人剧场版：最后的任务,川口敬一郎,潘惠美;伊濑茉莉也,动画,日本,2,196
全能灏,董春泽,罗京民;孙波;于非;马燕;赵丽;米明杰;贾志;卢思佚,喜剧,中国大陆,2,197
全面回忆,伦・怀斯曼,科林・法瑞尔;凯特・贝金赛尔;杰西卡・贝尔;布莱恩・科兰斯顿;博基姆・伍德拜因;比尔・奈伊;约翰・赵;李威尹;伊桑・霍克;詹姆斯・麦克格温;娜塔莉・林斯卡;斯蒂芬・麦克唐纳德,动作;科幻;惊悚;冒险,美国;加拿大,6,198
八恶人,昆汀・塔伦蒂诺,塞缪尔・杰克逊;库尔特・拉塞尔;詹妮弗・杰森・李;沃尔顿・戈金斯;德米安・比齐尔;蒂姆・罗斯;迈克尔・马德森;布鲁斯・邓恩;詹姆士・帕克斯;查宁・塔图姆;丹娜・格瑞尔;佐伊・贝尔;李・霍斯利,剧情;犯罪;西部,美国,4,199
锅盖头2,唐・迈克尔・保罗,杰森・王;阿姆尔・艾尔-贝尤明;杰西・加西亚;科尔・豪瑟;乔什・凯利;史蒂芬・朗;埃塞・莫拉雷斯;查德・芒廷;拉里特萨・帕斯卡莱瓦;丹尼尔・萨夫雷;博基姆・伍德拜因,动作,美国,2,200
锅盖头3：绝地反击,威廉・考夫曼,斯科特・阿金斯;查理・韦伯;艾瑞克・瓦德兹;丹特・巴斯克;丹尼斯・海斯伯特;萨沙・杰克逊;斯蒂芬・霍根;罗梅罗・米勒,动作;战争,美国,3,201
锈与骨,雅克・欧迪亚,马提亚斯・修奈尔;玛丽昂・歌迪亚;伯利・兰内尔;Armand Verdure;席琳・赛莱;Corinne Masiero;Jean-Michel Correia,剧情,法国;比利时,3,202
错乱的一代,真利子哲也,柳乐优弥;菅田将晖;小松菜奈;村上虹郎;绪方义博;池松壮亮;岩亮;北村匠海;三浦诚己;冈山天音;郑龙进,剧情;犯罪,日本,3,203
锡尔斯玛利亚,奥利维耶・阿萨亚斯,朱丽叶・比诺什;克里斯汀・斯图尔特;科洛・莫瑞兹;拉斯・艾丁格;强尼・弗林;安吉拉・温科勒;汉斯・齐施勒;诺拉・冯・瓦尔茨特滕;布拉迪・科贝特;Aljoscha Stadelmann;克莱尔・陈;Peter Farkas;Stuart Manashil;Ben Posener;Ricardia Bramley,剧情,法国;德国;瑞士,4,204
锡矿山,Jira Maligool,Pijaya Vachajitpan;Donlaya Mudcha,剧情;喜剧;传记,泰国,4,205
镇魂法师,项秋良;项河生,吴千语;陈信;岳冬峰;王洪千;邵老五,奇幻;武侠;古装,中国大陆,4,206
镜中迷魂,若般,蓝齐儿;曹雷;季晓菲;邓仕鸥;王丹青;王乐声;刘彝斯,悬疑;惊悚;恐怖,中国大陆,4,207
镭射小队,Matt Hullum,阿兰・里奇森;亚历山德里娅・德伯里;Burnie Burns,喜剧;动作;科幻,美国,4,208
长城,张艺谋,马特・达蒙;景甜;佩德罗・帕斯卡;刘德华;威廉・达福;张涵予;鹿晗;彭于晏;林更新;郑恺;黄轩;陈学冬;王俊凯;余心恬;刘冰;李亨;李京沐;纽曼・阿卡;约翰尼・希科;皮鲁・埃斯贝克,动作;奇幻;冒险,中国大陆;美国,5,209
长寿商会,姜帝圭,尹汝贞;朴根滢;赵震雄;黄雨瑟惠;文佳;韩智敏;朴灿烈,喜剧;爱情;家庭,韩国,4,210
长江7号：超萌特攻队,简耀宗,徐娇;石班瑜;林簌;郝鹏;马语非;刘琮;郭浩;彭博;阿步;昱霖;吴屹桐;简耀宗;张琰,喜剧;动画;家庭,中国大陆;香港,5,211
长江图,杨超,秦昊;辛芷蕾;邬立朋;江化霖;谭凯;王宏伟,剧情;爱情,中国大陆,3,212
长牙,凯文・史密斯,迈克尔・帕克斯;贾斯汀・朗;珍尼希斯・罗德里格兹;詹妮弗・斯沃巴奇・史密斯;海利・乔・奥斯蒙;约翰尼・德普;拉尔夫・加曼;哈莉・奎恩・史密斯;莉莉-罗丝・德普;阿什丽・格林尼,剧情;喜剧;恐怖,美国,4,213
长矛的尖端,吉姆・哈农,路易・李奥纳多;查德・艾伦;杰克・古兹曼;克里斯蒂娜・索萨;切斯・埃利森;Chemo Mepaquito,剧情;冒险,美国,3,214
闪光少女,王冉,徐璐;彭昱畅;刘泳希;鲁照华;韩忠羽;李诺;骆明;陈雨锶;乐思宏;崔可法;陆建艺;陈奕迅;汤甄;闫妮;耿乐,喜剧;音乐,中国大陆,3,215
闪烁的爱情,广木隆一,福士苍汰;有村架纯;山田裕贵;佐藤亚璃纱;入江甚仪;黑岛结菜,剧情;爱情,日本,3,216
闯入者,王小帅,吕中;冯远征;秦海璐;秦昊;石榴;黄素影;韩艺博;许守钦;赵泽龙;李苒苒,剧情;惊悚;犯罪,中国大陆,4,217
间谍,Seung-joon Lee,薛耿求;文素丽;丹尼尔・海尼;高昌锡;韩艺礼;罗美兰,喜剧,韩国,2,218
间谍之桥,史蒂文・斯皮尔伯格,汤姆・汉克斯;马克・里朗斯;斯科特・ 谢泼德;艾米・莱安;塞巴斯蒂安・科赫;阿伦・阿尔达;奥斯汀・斯托维尔;比利・马格努森;伊芙・休森;杰西・普莱蒙;迈克尔・加斯顿;皮特・麦克罗比;多米尼克・隆巴多兹;布莱恩・胡奇森;约书亚・哈尔托;米哈伊尔・戈尔沃伊,剧情;传记;历史,美国;德国;印度,6,219
间谍同盟,罗伯特・泽米吉斯,布拉德・皮特;玛丽昂・歌迪亚;马修・古迪;丽兹・卡潘;夏洛特・霍普;拉菲・卡西迪;杰瑞德・哈里斯;克里斯蒂安・鲁贝克;丹尼尔・贝茨;安格斯・肯尼迪;贾森・马修森;大卫・邦纳维尔,剧情;动作;爱情;战争,美国;英国,6,220
闹鬼校园,竹本志,中山优马;岛崎遥香;大野拓朗;高桥玛莉润;安井谦太郎;大和田伸也,惊悚;恐怖,日本,3,221
闺蜜,黄真真,陈意涵;薛凯琪;杨子姗;余文乐;钟汉良;吴建豪,喜剧;爱情,中国大陆,3,222
阁楼之花,Deborah Chow,梅森・戴伊;海瑟・格拉汉姆;迪兰・布鲁斯;琪兰・席普卡;查德・威列;艾伦・伯斯汀;Ava Telek;Maxwell Kovach;Beau Daniels;Laura Jaye;约翰・埃梅特・特雷西;Don Thompson,剧情;悬疑;家庭,美国;加拿大,5,223
阳光姐妹淘,姜炯哲,沈恩京;闵孝琳;姜素拉;南宝拉;陈熙京;金时厚;柳好贞;朴真珠;金宝美;千禹熙;李Z荣,剧情;喜剧,韩国,3,224
阴宅瓦德马尔,José Luis Alemán,scar Jaenada;Silvia Abascal,悬疑;恐怖,西班牙,3,225
阴宅瓦德马尔2,José Luis Alemán,Silvia Abascal;óscar Jaenada;Daniele Liotti,悬疑;恐怖,西班牙,3,226
阴差阳错的女演员们,v和亮,竹内结子;真木阳子;水川麻美;片桐仁;升野英知,剧情;奇幻,日本,3,227
阴影之下,巴巴克・安瓦里,阿米德・加瓦丹;Narges Rashidi;鲍比・纳德利;Bijan Daneshmand;艾文・曼莎迪,剧情;恐怖,英国;卡塔尔;约旦;伊朗,6,228
阴影效应,Obin Olson;Amariah Olson,凯姆・吉甘戴;布兰妮・肖;乔纳森・莱斯・梅耶斯;迈克尔・比恩;迈克尔・艾伦・米利甘,动作;科幻;惊悚,美国,4,229
阴谋,弗兰克・皮尔森,肯尼思・布拉纳;斯坦利・图齐;科林・费尔斯;Barnaby Kay;Ben Daniels,剧情;历史;战争,美国;英国,5,230
阴道独白,Eve Ensler,Eve Ensler,脱口秀,USA,2,231
阴阳先生,张涛,彭禺厶;艾晓琪;刘h彤;婉儿;高成龙,喜剧;惊悚,中国大陆,3,232
阿伦・艾弗森之答案,Steve Michaud,Allen Iverson,,美国,2,233
阿修罗,佐藤敬一,野泽雅子;北大路欣也;林原惠美;Kinya Kitaohgi;池赖宏,动画;恐怖;历史,日本,4,234
阿凡达,詹姆斯・卡梅隆,萨姆・沃辛顿;佐伊・索尔达娜;西格妮・韦弗;史蒂芬・朗;米歇尔・罗德里格兹;吉奥瓦尼・瑞比西;乔・大卫・摩尔;希・庞德;韦斯・斯塔迪;拉兹・阿隆索;迪利普・劳;马特・杰拉德;肖恩・安东尼・莫兰,动作;科幻;战争;冒险,美国;英国,6,235
阿呆与阿瓜2,鲍比・法拉利;彼得・法拉利,金・凯瑞;杰夫・丹尼尔斯;罗伯・里格尔;劳瑞・侯登;斯蒂夫・汤姆;唐・雷克;凯瑟琳・特纳;比尔・默瑞;保罗・布莱克索恩;瑞秋・梅尔文;布雷迪布鲁姆;埃迪・辛;Tommy Snider,喜剧,美国,2,236
阿唐奇遇,王微,石磊;原泽宇;季冠霖;洪晃;米粒;芒莱;张磊;赵岭;严燕生;仁杰;任亚明;赵霁,动画;奇幻;冒险,中国大陆,4,237
阿弥陀堂讯息,小泉尧史,寺尾聪;靠诳赡献;井川比佐志;香川京子;北林谷荣;小西真奈美;田村高广;吉冈秀隆,剧情,日本,2,238
阿拉丁与神灯,亚瑟・邦扎康,凯文・亚当斯;让-保罗・卢弗;凡妮莎・吉德;奥黛丽・拉米;埃里克・朱多尔;威廉・勒布吉欧;米歇尔・布朗,喜剧,法国;比利时,3,239
阿提克斯研究所,克里斯・斯帕林,莱亚・吉斯特德;威廉・麦鲍瑟;莎朗・摩翰;约翰・鲁宾斯坦;Hannah Cowley;Rob Kerkovich;杰拉德・迈克库劳奇;Trisha Rae Stahl;朱丽安・阿科斯塔;Anton Narinskiy;阿隆・克拉文;安妮・贝坦克特;Karen E. Wright;Erich Lane;Brian Chenoweth,剧情;惊悚;恐怖,美国,4,240
阿斯特里克斯历险记：诸神之宫殿,亚历山德拉・阿斯提耶尔,Alain Chabat;Laurent Lafitte;Géraldine Nakache,喜剧;动画;冒险,法国;比利时,5,241
阿曼动画之超级无敌掌门狗系列2,尼克・帕克,,喜剧;动画,英国,3,242
阿曼尼亚：欢迎来到德国,雅瑟敏・萨穆德里,维达・伊瑞辛;法赫里・亚迪姆;Lilay Huser;Demet Gül;Aykut Kayacik;Aycan Vardar;Ercan Karacayli;Kaan Aydogdu;希尔・艾罗格路;Aliya Artuc;佩特拉・施密特-夏勒;丹尼斯・莫斯奇托;艾琳・特策尔;Trystan Pütter;Rafael Koussouris,剧情,德国,2,243
阿波罗18号,贡萨洛・洛佩斯-加列戈,沃伦・克里斯蒂;劳埃德・欧文;Ryan Robbins;迈克尔・科普萨;安德鲁・爱尔莱;Kurt Max Runte,科幻;惊悚;恐怖,美国;加拿大,5,244
阿特拉斯耸耸肩,保罗・约翰逊,泰勒・席林;保罗・约翰逊;格兰特・鲍尔;贾苏・加西亚;马修・马斯登;Rebecca Wisocky,剧情;科幻;悬疑,美国,4,245
阿特拉斯耸耸肩2,约翰・普奇,萨曼莎・玛西丝;杰森・贝吉;埃塞・莫拉雷斯;帕特里克・法比安;金・罗德斯;理查德・琼斯;D・B・斯威尼;保罗・麦克兰尼;约翰・鲁宾斯坦;罗伯特・皮卡多;雷・怀斯;戴德里克・巴德;巴格・霍尔;阿尔耶・格罗斯;瑞克斯・林恩,剧情;科幻;悬疑,美国,4,246
阿童木,大卫・博维斯,弗莱迪・海默;克里斯汀・贝尔;尼古拉斯・凯奇;塞缪尔・杰克逊;查理兹・塞隆;比尔・奈伊;唐纳德・萨瑟兰,动作;科幻;动画;家庭,香港;美国;日本,7,247
阿米什的恩典,Gregg Champion,Kimberly Williams-Paisley;Tammy Blanchard;Matt Letscher,剧情,美国,2,248
阿纳克莱托：特务密探,哈维尔・鲁伊斯・卡尔德拉,基姆・古铁雷斯;萝西・德・帕尔马;卡洛斯・阿雷塞斯;亚历山德拉・希门内斯;伊马诺尔・阿里亚斯;安德烈・布纳福内特;何塞・科尔瓦乔;埃米利奥・古铁雷斯・卡巴;贝尔托・罗梅罗,喜剧;动作,西班牙,3,249
阿罗哈,卡梅伦・克罗,布莱德利・库珀;艾玛・斯通;瑞秋・麦克亚当斯;比尔・默瑞;约翰・卡拉辛斯基;丹尼・麦克布莱德;亚历克・鲍德温;比尔・坎普;杰顿・李博赫;丹妮尔・罗丝・拉塞尔;迈克尔・切鲁斯;艾迪・盖瑟吉;伊丽莎白・玛维尔;伊万娜・米利塞维奇,剧情;喜剧;爱情,美国,4,250
阿莉芙,王育麟,舞炯恩・加以法利得;赵逸岚;吴朋奉;陈竹N;郑人硕;胡德夫,剧情;同性,台湾,3,251
阿薇尔与虚构世界,克里斯汀・丹米尔斯;弗兰克・叶根吉,玛丽昂・歌迪亚;菲烈・卡特林;让・雷谢夫;奥利维埃・古尔梅;马克-安德烈・格隆丁;伯利・兰内尔;安妮・考森斯;玛莎・格莱农;卡洛斯・阿拉斯拉奇;维克托・勃兰特;马克・卡马乔;保罗・吉亚玛提,喜剧;动画;冒险,法国;比利时;加拿大,6,252
阿里与尼诺,阿斯弗・卡帕迪尔,亚当・巴克里;玛利亚・瓦沃德;曼迪・帕廷金;康妮・尼尔森;胡马云・埃沙迪;哈里特・尔根赤;法尔哈德・玛纳佛;纽曼・阿卡;阿萨德・包伯,剧情;爱情;战争,英国;阿塞拜疆,5,253
阿门,金基德,金基德;金惠娜,剧情,韩国,2,254
阿阿奇与西西帕克,赵范镇,柳N范;任昌丁;玄英,喜剧;动作;科幻;动画,韩国,5,255
阿鹦爱说笑,John Roberts,杰・摩尔;海莉・凯特・爱森伯格;托尼・夏尔赫布;吉娜・罗兰兹;翠尼・阿瓦拉多,剧情;喜剧;冒险,美国,4,256
阿黛尔的生活,阿布戴・柯西胥,阿黛尔・艾克萨勒霍布洛斯;蕾雅・赛杜;萨利姆・克希乌什;热雷米・拉厄尔特;卡特琳・萨雷;奥雷利安・雷克因;莫娜・瓦尔拉芬斯・;阿尔玛・佐杜洛夫斯基;安娜・卢瓦雷;本杰明・思科索;桑德尔・丰泰克,剧情;爱情;同性,法国;比利时;西班牙;突尼斯,7,257
陀地驱魔人,张家辉,张家辉;郭采洁;张继聪;蔡思贝;吴启华;释彦能;甄咏蓓;林嘉欣;余文乐;张学友;刘伟强;钱嘉乐;吴浩康,剧情;恐怖,香港,3,258
附属美丽,大卫・弗兰科尔,威尔・史密斯;爱德华・诺顿;凯特・温丝莱特;迈克尔・佩纳;海伦・米伦;娜奥米・哈里斯;凯拉・奈特莉;雅各布・拉提摩尔;安・唐德;莉莎・科伦-扎亚斯;娜塔莉・戈尔德;凯莱・罗杰斯;雪莉・拉米瑞克;艾丽莎・奇塔姆;本杰明・斯奈德,剧情,美国,2,259
附身,文森佐・纳塔利,阿比盖尔・布蕾斯琳;大卫・休莱特;史蒂芬・麦克哈蒂;彼德・奥德博拉治;米歇尔・诺尔顿;萨曼莎・温斯坦,悬疑;惊悚;恐怖,加拿大;法国,5,260
陆知马俐,文章,包贝尔;宋佳;朱亚文;焦俊艳;郭京飞;郭涛;马伊P;李晨;陈赫;常远;包文婧;九孔;于莎莎;张一鸣;文章,喜剧;爱情,中国大陆,3,261
陋室,斯图尔特・哈泽尔丁,萨姆・沃辛顿;奥克塔维亚・斯宾瑟;蒂姆・麦格罗;拉达・米切尔;梅根・查彭提尔;盖奇・芒罗;艾米莉亚・伊芙;亚伯拉罕・阿维夫・亚录许;松原苏米乐;艾莉丝・布拉加;格雷厄姆・格林;瑞安・罗宾斯;乔玎・艾希礼・奥尔森;劳拉・麦基洛普;艾米莉・霍尔姆斯;坦娅・哈伯德;卡森・罗姆;克里斯・布里顿;莱恩・爱德华兹;肯德尔・克洛斯;杰伊・布拉泽奥,剧情;奇幻,美国,3,262
降临,丹尼斯・维伦纽瓦,艾米・亚当斯;杰瑞米・雷纳;福里斯特・惠特克;迈克尔・斯图巴;马志;马克・奥布莱恩;乔・柯布登;派特・凯利;娜塔莉・希波蒂;袁罗素;克里斯蒂安・ 杰达;朱利安・凯西,剧情;科幻,美国,3,263
险恶,斯科特・德瑞克森,伊桑・霍克;文森特・多诺费奥;詹姆斯・ 兰索恩;弗雷德・多尔顿・托马斯;克莱尔・弗利,惊悚;恐怖,美国,3,264
险恶2,夏兰・福伊,莎妮・索萨蒙;詹姆斯・ 兰索恩;罗伯特・丹尼尔・斯隆;达塔尼安・斯隆;李・可可;塔特・艾灵顿;约翰・比斯利;豪威・约翰逊;伊桑・霍克;朱丽叶・赖伦斯;麦克・霍・迪阿达李奥;克莱尔・弗利,恐怖,美国,2,265
陪安东尼度过漫长岁月,秦小珍,刘畅;白百何;唐艺昕;白举纲;金世佳;江一燕;高圣远;布鲁斯;宋芸桦;潘虹;于荣光;卢燕,剧情;爱情,中国大陆,3,266
陷阱,权炯辰,马东锡;赵汉善;金敏京;池安;允珠,惊悚;犯罪,韩国,3,267
陷阱：致命的诱惑,奉万大,韩洁人;柳河俊;罗桑奎,剧情;爱情;惊悚,韩国,4,268
随心所欲,阿迪提亚・乔普拉,兰维尔・辛格;瓦妮・卡普尔;赖云;艾莉莎・巴奇尔・贝;朱莉・奥登;拉萨纳・莱斯汀;诺姆・迪亚瓦拉,剧情;喜剧;爱情,印度,4,269
随心所欲的五月,克里斯蒂安・卡西雍,奥古斯特・迪尔;奥利维埃・古尔梅;玛蒂尔德・瑟妮;爱丽丝・伊萨;马修・瑞斯;贾克・鲍那非;克里斯朵夫・罗西尼翁;洛朗・杰拉;戈洛・欧拉;康斯坦丁・卢凯,剧情;战争,法国;比利时,4,270
随风而逝,金周镐,车太贤;李彩英;吴智昊;高昌锡;闵孝琳,喜剧;动作,韩国,3,271
隐秘的诱惑,尹宰久,林秀晶;柳演锡;李Z荣;朴哲民;陈庆;敏度希,爱情;犯罪,韩国,3,272
隐秘而伟大,张哲洙,金秀贤;李t雨;朴基雄;李彩英;孙贤周;高昌锡;金成钧;张光;朴恩斌,喜剧;动作,韩国,3,273
隐藏人物,西奥多・梅尔菲,塔拉吉・P・汉森;奥克塔维亚・斯宾瑟;加奈儿・梦奈;凯文・科斯特纳;克斯汀・邓斯特;吉姆・帕森斯;马赫沙拉・阿里;阿尔迪斯・霍吉;格伦・鲍威尔;金贝利・奎恩;奥莱克・克鲁帕,剧情;传记;历史,美国,4,274
隔离区2：终点站,John Pogue,George Back;Andrew Benator;Jason Benjamin,科幻;悬疑;惊悚;恐怖,美国,5,275
隔绝,泽维尔・吉恩斯,劳伦・日尔曼;迈克尔・比恩;米洛・文堤米利亚;考特尼・万斯;艾什顿・霍尔姆斯;罗姗娜・阿奎特;迈克尔・艾克朗德;珍妮弗・布兰克;伊凡・冈萨雷斯;Abbey Thickson,科幻;悬疑;惊悚;灾难,德国;美国;加拿大,7,276
隧道,金成勋,河正宇;吴达洙;裴斗娜;南志铉,剧情;灾难,韩国,3,277
隧道尽头,罗德里戈・格兰德,莱昂纳多・斯巴拉格利亚;克拉拉・拉戈;费德里科・路皮;巴勃罗・埃查里;沃尔特・多纳多;哈维尔・戈迪诺,惊悚;犯罪,西班牙;阿根廷,4,278
难以忘怀,丹尼斯・蒂诺威,罗莎里奥・道森;凯瑟琳・海格尔;吉欧夫・斯图兹;伊莎贝拉・瑞思;阿莱克斯・奎加诺;莎拉・伯恩斯;惠特妮・卡明;西蒙・卡斯安德斯;罗伯特・维斯多姆;切瑞・拉德;斯蒂芬妮・艾斯卡杰达;金凯德・沃克;艾琳・伊拉斯玛;杰森・布莱尔;劳伦・萝丝・刘易斯;罗宾・哈迪;米奇・席尔帕;亚历克斯・斯达格斯;斯科特・比纳,剧情;惊悚,美国,3,279
难以置信,乔纳森・贝克,尼古拉斯・凯奇;吉娜・格申;妮基・韦兰;费・唐纳薇;娜塔利・伊娃・玛丽;乔纳森・贝克;杰姆斯・范・帕滕;泰勒・乔恩・奥尔森;丽雅・许布纳;科莉・丹尼利;佩妮莱・绰居尕德;威廉・威利特;埃莱・巴德汉;亨特・博丁;哈萝・博塔里尼,剧情;惊悚,加拿大,3,280
鬼债,乌利・埃德尔,尼古拉斯・凯奇;莎拉・韦恩・卡丽丝;维罗尼卡・费瑞尔;周豪;杰克・富尔顿;胡安・卡洛斯・韦利斯,剧情;悬疑;恐怖,加拿大,4,281
鬼哭神嚎：觉醒,弗兰克・卡方,贝拉・索恩;卡梅隆・莫纳汉;詹妮弗・杰森・李;泰勒・斯波瑞特勒;托马斯・曼;麦肯娜・格瑞丝;Dan Martino;Hunter Goligoski;Brian Breiter,惊悚;恐怖,美国,3,282
鬼夫,班庄・比辛达拿刚,马里奥・毛瑞尔;黛薇卡・霍内;Nattapong Chartpong;Pongsatorn Jongwilak;Wiwat Kongrasri;Kantapat Permpoonpatcharasuk;措恩・金达科特,喜剧;爱情;惊悚,泰国,4,283
鬼娃回魂7,唐・曼西尼,詹妮弗・提莉;艾力克斯・文森特;扎克・圣蒂亚戈;菲奥娜・道里夫;Summer H. Howell,惊悚;恐怖,美国,3,284
鬼娃的诅咒,唐・曼西尼,菲奥娜・道里夫;布拉德・道里夫;布伦南・埃利奥特;丹尼尔・比苏蒂;A・马丁内斯;Chantal Quesnelle;梅特兰・麦康奈尔,惊悚;恐怖,美国,3,285
鬼屋,Rich Ragsdale,丝柯・泰勒-考普顿;詹姆斯・兰德里・赫伯特;小马克・布恩;Michael S. New;Elana Krausz;Kevin Ragsdale;Russell Geoffrey Banks;Rich Lee Gray;Katrina Grey,惊悚;恐怖,泰国;美国,4,286
鬼屋大电影,迈克尔・泰兹,马龙・韦恩斯;尼克・斯旺森;塞德里克・凯尔斯;艾森斯・阿特金斯;莉安娜・门多萨,喜剧;恐怖,美国,3,287
鬼屋大电影2,迈克尔・泰兹,马龙・韦恩斯;杰米・普莱斯利;艾森斯・阿特金斯;加布里埃尔・伊格莱西亚斯;米西・派勒;阿什利・理查兹;瑞克・欧弗顿;海耶斯・麦克阿瑟;戴夫・谢里登;塞德里克・凯尔斯;汤姆・维图;艾菲恩・克洛科特,喜剧;恐怖,美国,3,288
鬼店另有主,Ti West,萨拉・帕克斯顿;Pat Healy;凯莉・麦吉利斯,惊悚;恐怖,美国,3,289
鬼影实录5：鬼次元,格雷戈里・普罗金,克里斯・j・穆雷;布兰妮・肖;艾薇・乔治;丹・吉尔;奥利维亚・泰勒・达德利;克洛伊・森格瑞;杰西卡・泰勒・布朗;唐・麦克马纳斯;迈克尔・克拉维克;哈莉・福特;艾登・洛夫坎普;卡拉・皮阔;马克・斯达格;丽贝卡・拉森,恐怖,美国,2,290
鬼影实录：东京之夜,长江俊和,中村苍;青山伦子,惊悚;恐怖,日本,3,291
鬼影实录：诅咒,克里斯托弗・兰登,理查德・卡夫拉尔;卡洛斯・普拉斯;戴维・费尔南德斯;豪尔赫・迪亚斯;金伯莉・埃布尔斯・因德拉;埃迪・J.费尔南德斯;赫克托・路易斯・布斯塔曼特,恐怖,美国,2,292
鬼打墙,杰克・海勒,萨拉・帕克斯顿;斯科特・伊斯特伍德;肖恩・西珀斯;凯瑟琳・沃特斯顿;克里斯托弗・邓汉;Jesse Perez,悬疑;惊悚,美国,3,293
鬼牌游戏,入江悠,龟梨和也;深田恭子;伊势谷友介;小泽征悦;小出惠介;山本浩司;涩川清彦;田口浩正;光石研;岛田久作,剧情,日本,2,294
鬼话怪谈・祥云寺,刘轩狄,彭禺厶;陈玉勇,惊悚;恐怖,中国大陆,3,295
鬼遮眼,迈克・弗拉纳根,凯伦・吉兰;布伦顿・思韦茨;凯缇・萨克霍夫;罗利・科奇瑞恩;安娜丽丝・巴索;加雷特・瑞安;詹姆斯・拉夫尔提;米盖尔・桑多瓦尔;凯特・西格尔;斯科特・格雷厄姆;迈克尔・J・福蒂克;凯蒂・帕克;贾斯汀・戈登;鲍勃・格伯特,恐怖,美国,2,296
鬼镜2,Víctor García,Nick Stahl;William Katt;Lawrence Turner,悬疑;惊悚;恐怖,美国,4,297
鬼马小精灵3,Bruce McCarthy (IV);肖恩 麦克纳马拉 (Sean McNamara),希拉里・达芙 Hilary Duff,喜剧;奇幻;冒险,美国,4,298
鬼马小精灵之恐怖学校,Mark Gravas,,,美国,2,299
鬼驱人,吉尔・克兰,山姆・洛克威尔;罗丝玛丽・德薇特;萨克斯・沙比诺;凯尔・凯特莱特;肯尼迪・克莱蒙兹;杰瑞德・哈里斯;简・亚当斯;Susan Heyward;尼可拉斯・博朗;Karen Ivany;帕特里克・加洛,惊悚;恐怖,美国,3,300
鬼魅浮生,大卫・洛维,卡西・阿弗莱克;鲁妮・玛拉;肯妮莎・汤普森;格罗弗・库尔森;丽兹・弗兰卡;巴洛・雅克布斯;理查德・克劳斯;卡莎;威尔・奥德哈姆;布瑞亚・格兰特;奥古斯丁・弗里泽尔;乔尼・马尔斯;布莱恩・皮茨;罗布・萨布雷基,剧情;爱情;奇幻,美国,4,301
魁拔Ⅲ战神崛起,王川;张钢;周洁,刘婧荦;姚姝;王宇腾;杨晨;刘校妤;王凯;敖磊;石困困;宋明;马海峰;杨凝;阿杰;范哲琛;图特哈蒙;姜广涛,动作;动画;奇幻;冒险,中国大陆,5,302
魁拔之大战元泱界,王川,刘婧荦;刘校妤;王凯;敖磊;瞿澳晖;郭政建;杨晨,动作;动画;奇幻;冒险,中国大陆,5,303
魂归伤膝谷,伊维斯・西蒙尼奥,安娜・帕奎因;Chevez Ezaneh;奥古斯特・斯彻伦伯格;杜安・霍华德;艾丹・奎因;科鲁姆・费奥瑞;弗雷德・多尔顿・托马斯;Nathan Lee Chasing His Horse;Shaun Johnston;高登・图托西斯;Billy Merasty;莫里斯・博德耶洛海德;艾迪・斯皮尔斯,剧情;历史;西部,美国,4,304
魅妆,陈健,应采儿;张铎;王子子,悬疑;惊悚,中国大陆,3,305
魅影缝匠,保罗・托马斯・安德森,丹尼尔・戴-刘易斯;薇姬・克里普斯;莱丝利・曼维尔;卡米拉・拉瑟福德;吉娜・麦基;布莱恩・格里森;哈里特・桑塞姆・哈里斯;理查德・格拉翰;西拉斯・卡森;朱莉娅・戴维斯;简・佩里,剧情;爱情,美国;英国,4,306
魅惑,阿格涅什卡・斯莫琴斯卡,玛塔・马祖雷克;米卡丽娜・欧赞思佳;金嘉・普雷斯;安德烈・卡诺普卡;雅酷朴・盖尔秀;兹古蒙特・马拉诺维兹奇;马格达莱娜・谢莱卡;卡翠娜・赫尔曼;马辛・科瓦奇克;马尔塔・马利克瓦思佳;兹比格涅夫・布奇科夫斯基;依芙娜・比尔思嘉,剧情;歌舞;奇幻,波兰,4,307
魔兽,邓肯・琼斯,崔维斯・费米尔;托比・凯贝尔;宝拉・巴顿;吴彦祖;本・福斯特;多米尼克・库珀;鲁丝・内伽;克兰西・布朗;丹尼尔・库德摩尔;罗伯特・卡辛斯基;本・施耐泽;格伦・克洛斯;考乐姆・吉斯・雷尼;泰瑞・诺塔里;瑞安・罗宾斯;博尔克利・杜菲尔德;丹・佩恩;迪伦・肖明;唐尼・麦克尼尔;迈克・安东纳科斯;拉吉・拉尔,动作;奇幻;冒险,美国;中国大陆;加拿大;日本,7,308
魔力月光,伍迪・艾伦,艾玛・斯通;科林・费尔斯;马西娅・盖伊・哈登;杰基・韦佛;哈米什・林克莱特;艾琳・阿特金斯,喜剧;爱情,美国,3,309
魔力麦克2,格里高利・雅各布,查宁・塔图姆;马特・波莫;乔・曼根尼罗;艾梅柏・希尔德;贾达・萍克・史密斯;伊丽莎白・班克斯;安迪・麦克道威尔;加布里埃尔・伊格莱西亚斯;迈克尔・斯特拉罕;克丽丝特尔・亨特;简・麦克尼尔;唐纳德・格洛弗;凯文・纳什;亚当・罗德里格兹;史蒂芬・布斯;罗达・格里菲丝;金柏莉・德拉蒙德;胡安・彼德拉伊塔,剧情;喜剧;音乐,美国,4,310
魔发奇缘,内森・格雷诺;拜伦・霍华德,曼迪・摩尔;扎克瑞・莱维;唐纳・墨菲;朗・普尔曼;迈克・康纳・盖尼;杰弗里・塔伯;布拉德・加内特;保罗・F・汤普金斯;理查德・基尔;德莱尼・罗斯・斯坦;内森・格雷诺;拜伦・霍华德;蒂姆・梅尔滕斯,喜剧;动画;冒险,美国,4,311
魔发精灵,迈克・米歇尔;沃尔特・道恩,安娜・肯德里克;贾斯汀・汀布莱克;佐伊・丹斯切尔;克里斯托夫・梅兹-普莱瑟;克里斯汀・芭伦斯基;拉塞尔・布兰德;格温・斯蒂芬妮;约翰・克立斯;詹姆斯・柯登;杰弗里・塔伯;罗恩・芬奇斯;艾诺・贾沃;卡洛琳・耶尔特;昆瑙・内亚;奎文赞妮・瓦利斯;沃尔特・道恩;瑞斯・达比;瑞奇・狄龙;葛洛泽尔・格林;康达尔・约翰逊;格雷斯・赫尔比希;柯提斯・史东;迈克・米歇尔,动画;歌舞;奇幻;冒险,美国,5,312
魔国志I之黄巾之乱,回宇,何育骏,古装,中国大陆,2,313
魔女嘉莉,金伯莉・皮尔斯,科洛・莫瑞兹;朱迪・格雷尔;波茜娅・道布尔戴;亚历克斯・罗素;加布瑞拉・王尔德;安塞尔・艾尔高特;朱丽安・摩尔,剧情;恐怖,美国,3,314
魔女宅急便 真人版,清水崇,小芝风花;尾野真千子;山本浩司;广田亮平;宫泽理惠;筒井道隆;浅野忠信,剧情;奇幻,日本,3,315
魔宫魅影,叶伟民,林心如;杨v宁;任达华;黄幻;景岗山;林江国;孟瑶;张子枫;黄磊;李菁;何云伟,剧情;爱情;惊悚,中国大陆;香港,5,316
魔岛迷踪,Gabe Ibá?ez,Elena Anaya;Mar Sodupe,悬疑;惊悚,西班牙,3,317
魔幻帝国,约翰・亨德森,兰迪・奎德;乌比・戈德堡;Roger Daltrey;凯文・麦克基德,儿童;奇幻,美国;英国;德国,5,318
魔弦传说,特拉维斯・奈特,查理兹・塞隆;马修・麦康纳;拉尔夫・费因斯;阿特・帕金森;鲁妮・玛拉;武井乔治;田川洋行;野路美苗;布伦达・瓦卡罗;肯・竹本,动画;奇幻;冒险,美国,4,319
魔术师,希尔万・肖默,Jean-Claude Donda;Eilidh Rankin;Jil Aigrot;Didier Gustin;Frédéric Lebon;Tom Urie,剧情;动画,法国;英国,4,320
魔术技法,J・D・迪拉德,雅各布・拉提摩尔;赛切儿・加布埃尔;杜勒・希尔;斯托姆・瑞德;萨西尔・扎玛塔;迈克尔・维拉尔;布兰登・约翰逊;卡梅伦・埃斯波西托;安德鲁・菲茨帕特里克;杰・沃克;弗兰克・克莱姆;马讷・安德鲁;亚历克斯・海纳;伊丽莎白・格鲁伦;林赛・拉罗斯,剧情;动作;科幻;惊悚,美国,5,321
魔法少女伊莉雅：雪下的誓言,大沼心,杉山纪彰;名V佳织;门胁舞以;花江夏树;下屋则子;小山力也;中田让治,动画;奇幻,日本,3,322
魔法少女奈叶The MOVIE 2nd A's,草川启造,田村由加莉;水树奈奈;植田佳奈,动画,日本,2,323
魔法老师,特瑞・琼斯,西蒙・佩吉;凯特・贝金赛尔;罗宾・威廉姆斯;罗伯・里格尔;特瑞・吉列姆;约翰・克立斯;乔安娜・林莉;艾迪・伊扎德;亚历克萨・戴维斯;艾瑞克・爱都;麦克・帕林;特瑞・琼斯;罗伯特・巴瑟斯特;梅拉・沙尔;艾玛・皮尔森;朱蒂・罗;桑吉夫・巴哈斯卡;布莱恩・考克斯;罗南・萨莫尔斯;加文・斯科特;玛格丽塔・道尔,喜剧;科幻,英国;美国,4,324
魔法黑森林,罗伯・马歇尔,安娜・肯德里克;克里斯・派恩;约翰尼・德普;梅丽尔・斯特里普;艾米莉・布朗特;克里斯汀・芭伦斯基;詹姆斯・柯登;麦肯泽・茂兹;莉拉・克劳馥;丹尼尔・赫特斯通;比利・马格努森;崔茜・尤玛;弗朗西斯・德・拉・图瓦;西蒙・拉塞尔・比尔,喜剧;歌舞;奇幻;冒险,美国;英国;加拿大,7,325
魔游纪1：盘古之心,回宇,卢宇静;于磊;余浩瑞;崔璨;阳蕾;郑欣雨;李彩瑞,剧情;动作;奇幻;冒险;古装,中国大陆,6,326
魔盒,Richard Kelly,James Marsden;Cameron Diaz,剧情;科幻;悬疑;惊悚,美国,5,327
魔警,林超贤,吴彦祖;张家辉;思漩;安志杰;廖启智;林嘉华;李国麟;欧锦棠;陈芷菁;梁焯满,动作;悬疑;惊悚;犯罪,香港;中国大陆,6,328
魔轮,王早,林心如;何润东;金世佳;王姬;盖h希;李林;李尚翼;是之;刘世杰,悬疑;惊悚,中国大陆,3,329
魔都凶音,彭鹏华,姜雯;于小伟;张瑶;张辛苑;王笑天;颜冠英;张天颖;于和伟,悬疑;惊悚;恐怖,中国大陆,4,330
魔镜,帕芬姆・王金达;金成浩;彭发,孙坚;周泓;金恩圣;李彩英,惊悚,中国大陆;韩国,3,331
魔鬼山历险记,安迪・菲克曼,道恩・强森;安娜索菲亚・罗伯;亚历山大・路德韦格;卡拉・古奇诺;塞伦・希德;汤姆・艾弗瑞特・斯科特;克里斯・马奎特;黄圣依,科幻;惊悚;家庭;奇幻;冒险,美国,6,332
魔鬼游乐场,Mark McQueen,Danny Dyer;Shane Taylor;Craig Fairbrass;Daniela Denby-Ashe;Bart Ruspoli;Lisa McAllister,动作;恐怖,英国,3,333
魔鬼的精神,伊哥・斯坦普陈科,杰森・弗莱明;安德烈・斯莫利亚科夫;阿雷克西・查多夫;阿格尼娅・蒂科夫斯特;Yuriy Tsurilo;Olga Zaytseva;Aleksandr Yakovlev;伊戈尔・日日金;瓦列里・佐洛图欣;Nina Ruslanova;维克托・贝奇科夫;Ivan Mokhovikov;Anatoli Gushchin;阿列克谢・彼得鲁欣;Aleksandr Karpov,悬疑;惊悚;冒险,俄罗斯;乌克兰;捷克;德国;英国,8,334
y,炜坚,潘绍聪;赵硕之;Brandy Akiko;朱紫娆,恐怖,香港,2,335
鲁滨逊漂流记,文森特・凯斯特鲁特;本・斯塔森,马提亚斯・施维赫夫;卡亚・叶娜尔;伊尔卡・贝桑;迪特・哈勒沃登;艾琳・特策尔;杰拉德・沙勒;梅兰妮・欣茨;托拜厄斯・莱勒;伽达・雅拉科;汤米・摩根施特恩;伯特・弗兰兹克;杰斯克・维特根;简・牧野;阿克塞尔・勒特,喜剧;动画;冒险,比利时;法国,5,336
鲁邦三世,北村龙平,小栗旬;玉山铁二;绫野刚;黑木美沙;浅野忠信;言承旭;尼克・泰特;金俊;尼鲁・西里詹亚;芮塔・彭安,动作,日本,2,337
鲁邦三世Episode：0 初次交锋,大原gMinoru Ohara,栗田贯一;小林清志;D野俊介;小杉十郎太;永井一郎;池田胜;大木民夫;朴璐美;增山江威子;井上真树夫;纳谷悟郎;森山周一郎,喜剧;动作;动画;悬疑;犯罪,日本,6,338
鲁邦三世VS名侦探柯南 剧场版,龟垣一,栗田贯一;小林清志;浪川大辅;泽城美雪;山寺宏一;高山南;山崎和佳奈;小山力也;林原惠美;山口胜平;内野圣阳;夏菜;入野自由,动画,日本,2,339
鲁邦三世：一美元战争,殿傩;柏原司,栗田贯一;小林清志;秋元羊介;坂|尚 Bandou Naoki;小山武宏 Koyama Takehiro;田原アルノ Tahara Aruno;谷昌 Tani Masaki;Bx洋人 Torihata Hiroto;横尾博之 Yokoo Hiroyuki;清水敏孝 Shimizu Toshitaka;永田亮子 Nagata Ryoko;山江威子 Eiko Masuyama;井上真浞 Makio Inoue;{谷悟朗 Goro Naya;松本梨香 Matsumoto Rica;小山茉美 Mami Koyama;中田j治 Nakata George;松文雄 Matsuoka Fumio;峰{研 Eken Mine,喜剧;动作;动画;悬疑;犯罪;冒险,日本,7,340
鲁邦三世：宝物返还大作战,川越淳;柏原司,栗田一 Kanichi Kurita;小林清志 Kiyoshi Kobayashi;山江威子 Eiko Masuyama;井上真浞 Makio Inoue;{谷悟朗 Goro Naya;山寺宏一 Yamadera Kouichi;北村弘一 Kitamura Kouichi;五十果 Igarashi Rei;八奈\ Yanami Joji;松文雄 Matsuoka Fumio,喜剧;动作;动画;犯罪;冒险,日本,6,341
鲁邦三世：微风公主~隐藏的天空之城,金崎F臣,栗田贯一;小林清志;浪川大辅;泽城美雪;山寺宏一;石川由依;神谷浩史;m本佳那子;诹访部顺一,动画;犯罪;冒险,日本,4,342
鲁邦三世：次元大介的墓碑,小池健,栗田贯一;小林清志;泽城美雪;山寺宏一;广濑彰勇,动作;动画;犯罪,日本,4,343
鲁邦三世：爱的记号，不二子的倒霉日子,ワタナベシンイチ;藤田伸三,栗田贯一;小林清志;纳谷悟郎;户田惠子;森山周一郎;千叶繁;青森伸 Shin Aomori;楠大典;岩田安生;坂东尚树;坪井智浩;倬笙人 Kashii Shouto;横尾博之 Yokoo Hiroyuki;加濑康之;增山江威子;井上真树夫,喜剧;动画;悬疑;惊悚;奇幻;冒险,日本,7,344
鲁邦三世：通往恶魔岛,殿傩;柏原司,栗田贯一;小林清志;绪方贤一;出光元;松井范雄;池田胜;川上伦子;增山江威子;井上真树夫;纳谷悟郎;石田太郎;大V明夫;泷口顺平;立木文彦;g海子,喜剧;动作;动画;悬疑;犯罪,日本,6,345
鲛珠传,杨磊,王大陆;张天爱;任达华;盛冠森;王迅;赵健;刘俊孝;释彦能;胡兵;何穗;蒋璐霞;杜奕衡;周一围,喜剧;动作;爱情;奇幻,中国大陆;香港,6,346
鲜花,西尔扎提・亚合甫,茹扎・达吾列提;法蒂哈・马力克;阿力木江・吐尔斯拜克,剧情,中国大陆,2,347
鲨海,约翰内斯・罗伯茨,曼迪・摩尔;克莱尔・霍尔特;克里斯・J.约翰逊;雅尼・吉尔曼;圣地亚哥・瑟甘拉;马修・莫迪恩,惊悚;冒险,英国;美国;多米尼加,5,348
鲨滩,佐米・希尔拉,布蕾克・莱弗利;奥斯卡・贾恩那达;布莱特・卡伦;塞多娜・莱格,惊悚;冒险,美国,3,349
鲨鱼惊魂夜,大卫・R・艾里斯,萨拉・帕克斯顿;克里斯・卡马克;达斯汀・米利甘;凯瑟琳・麦菲;乔・大卫・摩尔,恐怖,美国,2,350
鸟人,亚利桑德罗・冈萨雷斯・伊纳里图,迈克尔・基顿;爱德华・诺顿;艾玛・斯通;扎克・加利凡纳基斯;安德丽亚・瑞斯波罗格;娜奥米・沃茨;艾米・莱安;梅里特・韦弗;克拉克・米德尔顿;琳赛・邓肯,剧情;喜剧,美国;加拿大,4,351
鸟女,英勉,土屋太凤;间宫祥太朗;高杉真宙;池田依来沙;矢本悠马;前原;佐生雪;羽鸟慎一;轰二郎,喜剧;运动,日本,3,352
鸡妈鸭仔,吴成允,崔岷植;俞承豪;文素丽;朴哲民,动画,韩国,2,353
鸡皮疙瘩,罗伯・莱特曼,杰克・布莱克;迪兰・明奈特;奥德娅・拉什;艾米・莱安;瑞恩・李;吉莉恩・贝尔;豪斯顿・塞奇;肯・马里诺;库梅尔・南贾尼;斯蒂文・克鲁格;卡兰・索尼;E・罗杰・米切尔;艾拉・瓦勒斯泰特;蒂莫西・西蒙斯;阿曼达・隆德,喜剧;奇幻;冒险,美国;澳大利亚,5,354
鸡皮疙瘩剧场版,三木康一郎,谷村美月;木南晴夏;佐津川勖;石蛐幽;入来茉里;白羽ゆり;野g口;松本じゅん;小林高鹿;古川雄x;菊田大o;G野々音;m崎美[,恐怖,日本,2,355
鸣梁海战,金韩民,崔岷植;柳承龙;赵震雄;晋久;李贞贤;权律;大谷亮平;李成俊;金明坤;鲁敏宇;金太勋;朴宝剑,剧情;动作;传记;战争,韩国,5,356
鸭王,区焯文,白健恩;何浩文;袁嘉敏;何佩瑜;樊玲;梁敏仪;唐紫睿;卢宛茵;江美仪;何华超;单立文;王俊棠;喇英,喜剧;爱情;情色,香港,4,357
鸭王2,姜国民,何浩文;林子善;文凯玲;钟采羲;梁焯满;林莉娴;何华超;梁敏仪;陈依娜,剧情;情色,香港,3,358
鹰之路,杰拉多・奥利瓦雷斯;奥特马尔・朋克,让・雷诺;曼纽尔・卡马科;托比亚斯・莫雷蒂;伊娃・坤,剧情;家庭;冒险,奥地利,4,359
麦克法兰,妮琪・卡罗,凯文・科斯特纳;Ramiro Rodriguez;卡洛斯・普拉斯;约翰尼・奥蒂斯;Rafael Martinez;赫克托・杜兰;塞吉奥・阿维拉尔;Michael Aguero;戴安娜・玛丽亚・里瓦;奥马尔・莱瓦;维勒特・罗德里格斯;Danny Mora;玛丽亚・贝罗;摩根・塞勒;艾尔西・费舍尔,剧情;传记;运动,美国,4,360
麦克白,贾斯汀・库泽尔,迈克尔・法斯宾德;玛丽昂・歌迪亚;帕迪・康斯戴恩;西恩・哈里斯;杰克・莱诺;伊丽莎白・德比茨基;大卫・休里斯;大卫・海曼;罗斯・安德森;詹姆斯・迈克尔・兰金;丹尼尔・韦斯特伍德;莫里斯・洛维斯;瑞贝卡・本森,剧情;历史,英国;法国;美国,5,361
麦兜・当当伴我心,谢立文,黄秋生;吴君如;胡歌;郑中基;许飞,喜剧;动画,中国大陆;香港,4,362
麦兜・饭宝奇兵,谢立文,金刚;大汪;张正中;彭博;孙小妞,喜剧;动画;冒险,中国大陆;香港,5,363
麦兜我和我妈妈,谢立文;李俊民,黄磊;吴君如;张正中;黄秋生;蔡明丽;蔡瀚亿;李云迪,喜剧;动画;家庭,香港;中国大陆,5,364
麦吉的计划,丽贝卡・米勒,朱丽安・摩尔;伊桑・霍克;格蕾塔・葛韦格;崔维斯・费米尔;玛娅・鲁道夫;比尔・哈德尔;华莱士・肖恩;凯思琳汉娜,喜剧,美国,2,365
麦子小姐,吉田{辅,堀北真希;松田龙平;余贵美子;温水洋一;麻生v未;田代沙耶香;井口薰仁;冈山天音,剧情;喜剧,日本,3,366
麻烦家族,黄磊,黄磊;海清;王迅;李立群;孙莉;魏大勋;张伟欣;任容萱;何炅;岳云鹏;孟非;闫妮;英达,喜剧;家庭,中国大陆,3,367
麻辣女孩：时间危机,Steve Loter,克里斯蒂・卡尔森・罗曼诺;威尔・弗里德尔;南茜・卡特莱特;塔吉・莫里,动画;儿童,美国,3,368
麻辣女孩：超级任务,Steve Loter,塔吉・莫里;南茜・卡特莱特;威尔・弗里德尔;克里斯蒂・卡尔森・罗曼诺,动画,美国,2,369
黄克功案件,王放放,成泰;王凯;毛孩;黄海冰;杨佳音;马薇薇;戴江;章;蔡宜达,剧情;悬疑;历史,中国大陆,4,370
黄海,罗泓轸,河正宇;金允石;郑满植;李哲民;李艾,剧情;动作;犯罪,韩国;美国;香港,6,371
黄连.厚朴,丁荫楠,朱旭,剧情,中国大陆,2,372
黄金时代,许鞍华,汤唯;冯绍峰;王志文;朱亚文;黄轩;郝蕾;袁泉;田沅;丁嘉丽;王千源;沙溢;祖锋;张译;冯雷;袁文康;陈月末;王紫逸;张嘉译;王景春;杨雪;焦刚;张博;张瑶;唐艺昕,剧情;爱情;传记,中国大陆;香港,5,373
黄飞鸿之英雄有梦,周显扬,彭于晏;井柏然;王珞丹;洪金宝;杨颖;梁家辉;王祖蓝;张晋;冯嘉怡;秦俊杰;文峰;高泰宇,剧情;动作;爱情;武侠,中国大陆;香港;英国,7,374
黄鼠狼威索,大卫?费斯,Michael Dorn;Charlie Adler,喜剧;动画;家庭,美国,4,375
黎明的沙耶,深川荣洋,新垣结衣;大泉洋;中村苍;福岛莉拉;鹤野刚士;波乃久里子;藤田弓子;小松政夫;石桥凌;富司纯子,剧情,日本,2,376
黑司祭们,张宰贤,金允石;姜栋元;朴素丹,剧情;悬疑,韩国,3,377
黑处有什么,王一淳,苏晓彤;郭笑;陆琦蔚;刘丹;蒋雪鸣;周逵;吴珏瑾;仁龙;刘杰毅;贾致钢;李世儒;谷麒麟;栗梅;邓刚;王正平;九奇;刚子;韩雨烨;田锋;石英;鄢佳;马沉香;虞正男,剧情;悬疑;犯罪,中国大陆,4,378
黑夜传说5：血战,安娜・福斯特,凯特・贝金赛尔;提奥・詹姆斯;托比亚斯・门基斯;劳拉・普沃;查尔斯・丹斯;詹姆斯・福克纳;彼得・安德森;布莱德利・詹姆斯;黛茜・海德,动作;惊悚;奇幻,美国,4,379
黑夜勿怕,Troy Nixey,凯蒂・霍尔姆斯;盖・皮尔斯;拜莉・麦迪逊;阿兰・戴尔;Jack Thompson;朱丽娅・布莱克,惊悚;恐怖,美国;澳大利亚,4,380
黑夜造访,特里・爱德华・沙尔茨,乔尔・埃哲顿;克里斯托弗・阿波特;卡门・艾乔戈;丽莉・克亚芙;小凯文・哈里森;格里芬・罗伯特・福克纳;大卫・彭德尔顿;米奇;蔡斯・乔利埃特;米克・奥罗克,悬疑;恐怖,美国,3,381
黑魔术大战,古R新一,前田希美;栩原乐人;河田x市;藤崎ルキノ;森万由加;阿部恍沙[;桑田彩,恐怖,日本,2,382
鼓舞激情,Duane Adler,戴瑞克・浩夫;宝儿,歌舞,韩国;美国,3,383
鼠来宝4：萌在逋,沃尔特・拜克,贾斯汀・朗;马修・格雷・古柏勒;杰西・麦卡尼;杰森・李;金柏莱・威廉姆斯;乔什・格林;托尼・海尔;贝拉・索恩;埃迪・斯蒂普斯;克里斯蒂娜・艾伯盖特;凯莉・库柯;安娜・法瑞丝;詹妮佛・库里奇;凯文・韦德,喜剧;动画;音乐;奇幻;冒险,美国,6,384
的巢穴,胡安菲尔・安德烈斯;埃斯塔班・罗艾,玛卡蕾娜・戈麦斯;纳迪娅・德・圣地亚哥;乌戈・席尔瓦;路易斯・托萨尔;卡罗琳娜・邦;格拉西亚・奥拉约;阿谢尔・埃特塞安迪亚;露西娅・冈萨雷斯,剧情;惊悚;恐怖,西班牙;法国,5,385
鼹鼠之歌,三池崇史,生田斗真;仲里依纱;山田孝之;上地雄辅;冈村隆史;堤真一;吹越满;远藤宪一;皆川猿时;大杉涟;岩城暌,喜剧;动作,日本,3,386
鼹鼠之歌2：香港狂骚曲,三池崇史,生田斗真;瑛太;本田翼;古田新太;菜菜绪;上地雄辅;仲里依纱;堤真一;吹越满;远藤宪一;皆川猿时;岩城暌;久松郁实,喜剧;动作,日本,3,387
齐天大圣・万妖之城,项秋良;项河生,陈浩民;林子聪;范梦;赵东昊;王洪千;李佳颖;骆应钧;李平安,奇幻;冒险;古装,中国大陆,4,388
龙三和他的七人党,北野武,藤龙也;近藤正臣;中尾彬;品川彻;科置;伊藤幸;吉泽健;小野寺昭;北野武;万田久子;安田显;矢岛健一;下条阿童木;胜村政信,喜剧;动作,日本,3,389
龙之战,高峰,刘佩琦;曹云金;罗昱j;李子雄,动作;历史;战争,中国大陆,4,390
龙之诞生,乔治・诺非,伍允龙;夏雨;王西安;于海;吴樾;比利・马格努森;吴建豪;金星;史蒂文・罗伯斯;西蒙・殷;特瑞・陈;袁文忠;莉莲・林;曹益吉;屈菁菁;西蒙・钱;朱国安;卢堂,剧情;动作;传记,美国;中国大陆;加拿大,6,391
龙之谷：破晓奇兵,宋岳峰,胡歌;景甜;徐娇;夏梓桐;沈达威;孙晔;季冠霖;孟祥龙;商虹;黄莺,动画;奇幻;冒险,中国大陆,4,392
龙在哪里？,胡升忠,章子怡;王力宏;光良;江美琪;梁静茹;戴立忍,喜剧;动画,中国大陆;香港,4,393
龙樱：东大考试机密技巧总传授SP,,阿部宽;长谷川京子;山下智久;长泽雅美;小池彻平;新垣结衣,,日本,2,394
龙珠Z：复活的弗利萨,山室直x,野泽雅子;中尾隆圣;山寺宏一;森田成一;堀川亮;佐藤正之;鹤广美;田中真弓;古川登志夫;草尾毅;绿川光;皆口裕子,动画,日本,2,395
龙纹身的女孩,大卫・芬奇,丹尼尔・克雷格;鲁妮・玛拉;克里斯托弗・普卢默;斯特兰・斯卡斯加德;史蒂文・伯克夫;罗宾・怀特;约里克・范・韦杰宁根;乔莉・理查德森;杰拉丁妮・詹姆斯;高兰・维斯耶克;唐纳德・桑普特;乌尔夫・弗里贝格;本基特・卡尔森;托尼・威;帕尔・麦尔伯格;约瑟芬・阿斯普伦德;Eva Fritjofson;莫娅・嘉尔彭铎;Maya Hansson-Bergqvist;Sarah Appelberg;朱利安・山德斯;Anna Bj?rk;古斯塔夫・汉马斯顿;Simon Reithner;大卫・丹席克;Marcus Johansson;Mathilda von Essen;Mathias Palmér;马丁・贾维斯;因加・朗格里;安德尔斯・伯格;Mats Andersson;Jürgen Klein;雅丽・乔维尔;阿兰・戴尔;Lena Str?mdahl;里奥・比尔;Fredrik Dolk;艾洛蒂・袁;艾伯丝・戴维兹;乔尔・金纳曼;Karen E. Wright,剧情;悬疑;惊悚;犯罪,美国;瑞典;挪威,7,396
龙虎少年队2,菲尔・罗德;克里斯托弗・米勒,乔纳・希尔;查宁・塔图姆;彼得・斯特曼;怀亚特・罗素;艾波・斯蒂文斯;吉莉恩・贝尔;艾斯・库珀;尼克・奥弗曼;吉米・塔特罗;卡罗琳・阿隆;克雷格・罗伯兹;马克・埃文・杰克逊;乔・克里斯特;埃迪・J.费尔南德斯,喜剧;动作;犯罪,美国,4,397
龙虾,欧格斯・兰斯莫斯,科林・法瑞尔;蕾切尔・薇兹;约翰・C・赖利;蕾雅・赛杜;奥利维娅・科尔曼;本・卫肖;亚里安妮・拉贝德;罗杰・阿什顿-格里菲斯;迈克尔・史麦利;杰西卡・巴登;昂格利基・帕普利亚,剧情;喜剧;奇幻,爱尔兰;英国;希腊;法国;荷兰,8,398
